Company,Job_title,Location,Salary,Skill,Job_Desc,Links
Cakeplabs,2D Artist,"Denpasar Timur, Denpasar, Bali, Indonesia","Rp3,5jt-Rp6jt","Game Industry, good basic design editing skills, 2d Illustration, Proficient In English, 2D Animation, 2d Graphics","Produce 2D Painted Renders of assets and textures for environment Props, objects and scenes for game engine, Understand and follow art requirements and specific needs of the project, Promptly learn any new tools or techniques, Execute tasks assigned to them according to project schedule while meeting quality expectations, Using Checklists to perform initial art and technical quality checks before sending art asset to the Team Leader for review, Fix all problems noted by Team Leader and Art Director, Promptly report to Team Leader about any difficulties encountered, Support Junior Artists helping them to deal with tasks when needed, Creating 2D graphic & UI assets for our simulations, Taking an active part in team meetings: suggesting improvements, actively taking on new roles, providing constructive feedback, etc., Proactively delivering new and inventive ideas that will support the team in efforts of solving day-to-day challenges",https://glints.com/id/opportunities/jobs/2d-artist/9ad82d68-9195-4530-a24b-a563a7f6e10b?utm_referrer=explore
PT OTTEE ONLINE RETAILERS,Host Live Streaming,"Senen, Jakarta Pusat, DKI Jakarta, Indonesia",Rp3jt-Rp6jt,"Memiliki Kemampuan Komunikasi Yang Baik, Pemasaran & Promosi, host live streaming","Melakukan siaran langsung penjualan produk melalui platform Shopee & TikTok., Mempromosikan dan memperkenalkan produk perusahaan kepada audiens., Berinteraksi secara aktif dengan audiens., Dapat berkomunikasi dengan jelas dan memikat menggunakan kemampuan berbicara yang baik., Memahami tren dan topik yang sedang populer untuk menarik minat audiens.",https://glints.com/id/opportunities/jobs/host-live-streaming/bf8e39b0-a531-4e9c-88f0-d2f729c24409?utm_referrer=explore
PT Trijaya Maju Totalindo Jabodetabek 1,Sales Firstmedia - Karawaci,"Karawaci, Tangerang, Banten, Indonesia","Rp4,9jt-Rp5jt","Sales and Marketing, Sales, Sales Marketing","Gapok 4.901.788, Insentif dan Bonus, THR, BPJS, Fee Training",https://glints.com/id/opportunities/jobs/sales-firstmedia-karawaci/c69f4b2a-5041-4be9-8e4d-9aa0f82aebd7?utm_referrer=explore
PT Trijaya Maju Totalindo Jabodetabek 1,Sales Firstmedia - Fatmawati,"Cilandak, Jakarta Selatan, DKI Jakarta, Indonesia","Rp4,9jt-Rp5jt","Sales and Marketing, Sales, Sales Marketing","Gapok 4.901.788, Insentif dan Bonus, THR, BPJS, Fee Training",https://glints.com/id/opportunities/jobs/sales-firstmedia-fatmawati/f2e4cf84-f82b-4c77-8e4c-65e47c61fce2?utm_referrer=explore
PT Trijaya Maju Totalindo Jabodetabek 1,Sales Firstmedia - Cideng,"Gambir, Jakarta Pusat, DKI Jakarta, Indonesia","Rp4,9jt-Rp5jt","Sales and Marketing, Sales, Sales Marketing","Gapok 4.901.788, Insentif dan Bonus, THR, BPJS, Fee Training",https://glints.com/id/opportunities/jobs/sales-firstmedia-cideng/ad446a90-1e4d-4973-b903-8c4825aa2954?utm_referrer=explore
PT Trijaya Maju Totalindo Jabodetabek 1,Sales First Media - Bekasi,"Bekasi Barat, Bekasi, Jawa Barat, Indonesia","Rp4,9jt-Rp5jt","Sales and Marketing, Sales, Sales Marketing","Gapok 4.901.788, Insentif dan Bonus, THR, BPJS, Fee Training",https://glints.com/id/opportunities/jobs/sales-first-media-bekasi/4813ec2b-df26-4240-99ef-609d41546144?utm_referrer=explore
Layz Production,[CLOSED] Software Engineer 1,"Samatiga, Kab. Aceh Barat, Nanggroe Aceh Darussalam, Indonesia",Rp5jt-Rp7jt,"JavaScript, Java, Java Programming","Membangun perangkat lunak yang kuat dan skalabel dengan membangun fitur baru, debugging, dan mengoptimalkan aplikasi, Menulis kode bersih untuk mengembangkan aplikasi web fungsional, Berkolaborasi dengan pengembang front-end untuk mengintegrasikan elemen yang terlihat oleh pengguna dengan logika sisi server, Mengembangkan dan mengusulkan produk atau fitur baru dengan memantau industri, Bekerja sama dengan desainer, manajer produk, dan administrator sistem untuk mengidentifikasi dan membangun fitur baru",https://glints.com/id/opportunities/jobs/closed-software-engineer-1/f49c2596-941f-499c-be56-4e77d2fa6240?utm_referrer=explore
Kawan Kerja,Programmer,"Bandung Wetan, Bandung, Jawa Barat, Indonesia",Rp100rb,"Programming, Problem Solving, Kerjasama Tim","Menciptakan sebuah program, Memodelkan atau merancang sistem, Melakuka pengujian atau testig program",https://glints.com/id/opportunities/jobs/programmer/0b074933-ce9d-4e16-b91a-9aae7a11f9dc?utm_referrer=explore
Arca's Coffee & Eatery,Barista,"Serpong, Tangerang Selatan, Banten, Indonesia",Rp2jt-Rp3jt,"Barista And Waiters, Barista And Bartender, Barista","Umur Maks 24 Tahun, Berpenampilan rapih, Tertarik dengan dunia kopi, Tidak harus ada pengalaman (tapi yang ada pengalaman aka diprioritaskan), Bersedia bekerja di hari libur, Jujur dan ada niat untuk bekerja",https://glints.com/id/opportunities/jobs/barista/8b26383d-60da-4d08-98b5-1b64b3578aba?utm_referrer=explore
Fastech Media Indonesia,HOST LIVE STREAMING MARKETPLACE,"Karawang Barat, Karawang, Jawa Barat, Indonesia",Rp3jt-Rp4jt,"Target Oriented, Proactive And Fast Learner, Creative, Host Live Steam, Confident, Public Speaking, Product Knowledge, Good Communication Skills, Sales Marketing","Minimal Lulusan SMA/SMK-Usia 30 Tahun, Memiliki komunikasi yang baik dalam menjelaskan sebuah produk dengan baik., Bekerja dengan target & dapat berjualan, Percaya diri tampil didepan kamera., Bersedia bekerja secara shift, 6 hari seminggu, (kemungkinan bekerja dihari Sabtu/minggu/hari libur nasional), Bersedia bekerja di Karawang.",https://glints.com/id/opportunities/jobs/host-live-streaming-marketplace/f02268c5-cc62-42fb-98b3-5c873a958af4?utm_referrer=explore
PT.Midtou Bali,Sopir,"Denpasar Timur, Denpasar, Bali, Indonesia",Rp1jt-Rp2jt,"Disiplin Dan Jujur, Memiliki Kemampuan Komunikasi Yang Baik, Mengemudi Dengan Baik","Mengemudikan kendaraan dengan aman dan bertanggung jawab., Mengantarkan karyawan ke tujuan sesuai dengan rute yang ditentukan., Memastikan kondisi kendaraan dalam keadaan baik dan melakukan perawatan rutin., Mematuhi peraturan lalu lintas dan menjaga keamanan selama perjalanan.",https://glints.com/id/opportunities/jobs/sopir/203c2d9c-0fec-405a-96af-d72666f0263a?utm_referrer=explore
Wadja Group,Sales Executive Cabang Bali,"Klungkung, Klungkung, Bali, Indonesia",Rp2jt,"Memiliki Kemampuan Komunikasi Yang Baik, memiliki kendaraan bermotor, Menjalin relasi yang baik kepada customer dan melakukan handling","Mengatur dan melakukan kunjungan penjualan, Membuat proposal terperinci dan materi untuk presentasi kepada klien, Menawarkan kepada klien tentang layanan dan penawaran perusahaan, Menjaga hubungan dengan klien dengan memberikan dukungan dan informasi, Menyarankan peluang baru dan solusi, Bekerja sama dengan tim Pemasaran untuk menyusun paket layanan, Memberikan tanggapan yang cepat terhadap pertanyaan atau penyelesaian keluhan klien, Membantu mencapai target penjualan, Mengelola catatan aktivitas penjualan dan menyusun laporan penjualan",https://glints.com/id/opportunities/jobs/sales-executive-cabang-bali/8a73439e-942e-4bc9-8c36-d637da2fddd2?utm_referrer=explore
Company,Job_title,Location,Salary,Skill,Job_Desc,Links
Sumberdaya Andalan Mandiri,Sales Generalis Bank BUMN,"Kebayoran Baru, Jakarta Selatan, DKI Jakarta, Indonesia","Rp4,5jt-Rp5jt","Marketing, Sales and Marketing, Direct Sales, Sales, B2b Sales, Sales Marketing","Pria/Wanita, Usia Maksimal 33 tahun, Pendidikan minimal D3, Berpengalaman di Bidang Sales/Marketing, Mempunyai kendaraan bermotor dan SIM, Berperilaku dan penampilan baik serta berdomisili di Jabodetabek",https://glints.com/id/opportunities/jobs/sales-generalis-bank-bumn/80225828-9d7b-4bf4-880c-ecdab3000b64?utm_referrer=explore
PT. Eversaas Power Technology,Presales System Engineer,"Kebon Jeruk, Jakarta Barat, DKI Jakarta, Indonesia",Rp6jt-Rp10jt,"PreSales/Technical Support, English Speaking, ERP Software, Software Presales, English Language, Presales, Presales Engineer, Presales support, Driving License, Fluent In English Both Oral And Written, Good Communication Skills, Cloud Computing","Pria Usia min. 25 tahun, Pendidikan min. D3 / S1 Jurusan Telekomunikasi atau Komputer, Pengalaman minimal 2 tahun sebagai sales IT, Komputer, Internet, telekomunikasi dan sejenisnya, (Diutamakan yang pernah bekerja di bidang ISP / ERP/ SOFTWARE/ security), Jujur, pekerja keras dan dapat bekerja sama dengan Team, Fasih dalam menggunakan Ms Office dan bidang IT, Memiliki kendaraan bermotor, Lokasi Penempatan di Jakarta Barat",https://glints.com/id/opportunities/jobs/presales-system-engineer/782b0292-4a8b-4eab-81a3-435c13cd85b4?utm_referrer=explore
PT Cyber Futures Jakarta,Manager,"Kebayoran Baru, Jakarta Selatan, DKI Jakarta, Indonesia",Rp6jt-Rp10jt,"Interpersonal Skills, Self Confidence & Control, Leadership, Good Communication Skills","Melakukan perencanaan, pengembangan, implementasi, dan pelaksanaan rencana pemasaran strategis, Memimpin tim Telemarketing dan Business Consultant, Mengidentifikasi masalah yang dihadapi Nasabah dan mencari peluang, Ikut Andil Membantu merekrut team Telemarketing dan Business Consultant, Menjaga hubungan baik dengan nasabah",https://glints.com/id/opportunities/jobs/manager/13ea51d8-aef4-42bd-ac0a-674efeb211ea?utm_referrer=explore
Jala Tech,Finance Intern,"Kapanewon Depok, Sleman, DI Yogyakarta, Indonesia","Rp1,2jt-Rp1,3jt","Microsoft Excel, Finance, Attention To Detail, Good Communication Skills","Checking payment submission and settlement, Transaction recording input, Assist in AR reminders & create receivable notification letters, Assist with document archiving",https://glints.com/id/opportunities/jobs/finance-intern/f497fecd-3837-4c4d-9b9b-4bed7676cd70?utm_referrer=explore
PT Simantep Digital Grup,Advertiser,"Cimanggis, Depok, Jawa Barat, Indonesia",Rp2jt-Rp4jt,"Social Media Advertising, Advertising & Promotion, Customer Experience, Advertising","Melakukan pengiklanan pada FB Ads, Instagram Ads, Tiktok Ads, Google Ads dan digital Ads lainnya",https://glints.com/id/opportunities/jobs/advertiser/4c7b7120-fe4b-46fa-8013-3c43bd4ce1bc?utm_referrer=explore
PT. Koding Next Indonesia,Teacher Assistant Intern (Paid),"Bogor Barat, Bogor, Jawa Barat, Indonesia","Rp1,5jt-Rp2jt","English, Tech Savvy, Teaching","Last year student (with no classes to attend) or Fresh Graduate in Education/Math/Physics/Computer Science/Informatics Engineering/IT related field, Fluent in English (speaking, writing, reading, listening), Have experience in teaching especially kids, Up-to-date with technology development, Team player, fast learner, Trustworthy person with good ethical judgment, Readiness to work in Curugmekar, Bogor",https://glints.com/id/opportunities/jobs/teacher-assistant-intern-paid/c74cb832-4c15-4b98-9ee9-9b71786dcb36?utm_referrer=explore
PT. Shankara Citra Jaya,Paid Internship Content Creator,"Penjaringan, Jakarta Utara, DKI Jakarta, Indonesia",Rp500rb-Rp1jt,"Content Writing, Content Creation, Content Strategy","Mendiskusikan dan mengembangkan konsep, ide, perencanaan dan eksekusi konten yang menarik, Menjadi talent dalam pembuatan konten Social Media, Berkoordinasi dengan tim dalam pembuatan konten, Memahami skrip dari copywriter, Berkolaborasi dengan desainer, content strategist, dan profesional lainnya pada project Marketing, Melakukan riset untuk tujuan konten, Mengedit dan mengecek ulang konten jika diperlukan",https://glints.com/id/opportunities/jobs/paid-internship-content-creator/63831daf-bb70-40e0-86c1-02db5a013470?utm_referrer=explore
Pt.  Asuransi Raksa Pratikara,Management Associate Program,"Gambir, Jakarta Pusat, DKI Jakarta, Indonesia","Rp5,9jt-Rp6,8jt","Negosiasi Dan Presentasi, Berkomunikasi Dengan Baik, Berpikir kritis","Bachelor Degree minimal GPA 3.00, Fresh graduate from any major, Maximum 23 years old, Have a good communication & interpersonal skills, Fluent in English & Computer Literate (Microsoft Office), Willing to be placed anywhere in Indonesia",https://glints.com/id/opportunities/jobs/management-associate-program/cf12efce-4c40-40d3-b470-3c0f9b085f7f?utm_referrer=explore
PT Inti Nya Teknologi,Teknisi Ritel,"Kelapa Gading, Jakarta Utara, DKI Jakarta, Indonesia",Rp5jt-Rp6jt,"Good Comunication Skill, Disiplin, Analytical Skills, Teknik Mesin, Membaca gambar teknik","Memperbaiki produk elektronik perusahaan, Memasang produk elektronik perusahaan, Memperbaiki produk elektronik customer yang rusak, Mampu menjelaskan bagaimana cara memperbaiki dan penyebab rusaknya barang elektronik",https://glints.com/id/opportunities/jobs/teknisi-ritel/5a77c8e2-ded6-40d3-848b-5c2c08c29e6e?utm_referrer=explore
PT Instrumen Musik Bersama,Sales Distributor Alat Musik,"Cakung, Jakarta Timur, DKI Jakarta, Indonesia",Rp4jt-Rp5jt,"Komunikatif, Bertanggungjawab , Jujur dan Dis, Sehat Jasmani Dan Rohani","Mengidentifikasi dan menghubungi prospek potensial di area yang ditugaskan., Mempromosikan dan menjual produk dan layanan perusahaan kepada pelanggan potensial., Membangun dan menjaga hubungan bisnis yang baik dengan pelanggan yang ada., Mencapai target penjualan yang ditetapkan oleh perusahaan., Mengikuti perkembangan pasar dan tren industri terkait., Memberikan layanan pelanggan yang superior dan menjawab pertanyaan atau masalah pelanggan dengan cepat dan efektif., Mengumpulkan dan menyampaikan informasi pasar dan umpan balik pelanggan kepada tim manajemen.",https://glints.com/id/opportunities/jobs/sales-distributor-alat-musik/b60823d5-6d98-477f-b49c-869cc56be1e0?utm_referrer=explore
PT Cilia Prisma Utama Makmur,Marketing Executive  - Banten,"Serang, Serang, Banten, Indonesia","Rp4,5jt-Rp5jt","Penjualan Dan Pemasaran, Sales, Sales Marketing","Posisi ini juga berlaku bagi Marketing Executive, Sales Representative, Business Development Officer dan Account Executive, Membuka pasar dan mencari pelanggan baru di pasar traditional, retail dan pareto, Bertanggung jawab atas mencapai target penjualan dan kunjungan yang telah ditetapkan perusahaan, Menjaga hubungan baik dengan pelanggan, Memastikan proses penjualan berjalan dengan lancar, Bertanggung jawab atas penagihan terhadap pelanggan, Membuat laporan harian, mingguan dan bulanan, Bersedia ditempatkan area Serang dan Tangerang",https://glints.com/id/opportunities/jobs/marketing-executive-banten/fa5ab68b-8796-4244-b6fe-25db9757317f?utm_referrer=explore
FIFGROUP CABANG KUTA,Marketing Executive,"Kuta, Kab. Badung, Bali, Indonesia","Rp1,2jt-Rp10jt","Marketing, Social Media Marketing, Sales Marketing","Menawarkan produk pinjaman dana tunai, Menjaga loyalitas customer",https://glints.com/id/opportunities/jobs/marketing-executive/795cc762-766c-49f2-9cdb-635ccb97ffa5?utm_referrer=explore
Odistri Indonesia,Staff Magang - Admin,"Gambir, Jakarta Pusat, DKI Jakarta, Indonesia",Rp1jt-Rp2jt,"Magang Admin, Office Administration, Administration","Memiliki skill Microsoft Office, Bisa mengetik cepat, Memiliki kemapuan komunikasi, menulis, dan manajemen waktu yang baik, Teliti dan detail oriented",https://glints.com/id/opportunities/jobs/staff-magang-admin/57b717ac-f1eb-45d2-b309-7fe568c980c0?utm_referrer=explore
Pasima,Sales Consultant (Car Assistant),"Kembangan, Jakarta Barat, DKI Jakarta, Indonesia",Rp500rb-Rp2jt,"Lead Generation, Communication, Sales, Lead Qualification","Melakukan aktifitas iklan unit mobil bekas showroom melalui berbagai macam channel secara rutin, Berkomunikasi dan mengkualifikasi calon pembeli, memastikan kebutuhan dan keinginan sesuai dengan unit mobil bekas yang tersedia, Berkomunikasi kepada team internal Pasima perihal kebutuhan customer, Melakukan laporan berkala kepada Sales Manager",https://glints.com/id/opportunities/jobs/sales-consultant-car-assistant/898235f8-0791-45ea-a5fe-02a45f92ed91?utm_referrer=explore
Virallo.id,Video Editor Internship,"Kebayoran Baru, Jakarta Selatan, DKI Jakarta, Indonesia","Rp1,5jt","Edit Video And Photo, Producer Video, Shoot Video","Support the creative team with brainstorming, planning and producing of video content to achieve the, Produce, shoot and edit various types of video including; documentaries, interviews, series formats, sizzle reels., Conceptualize, pitch storytelling ideas, create and organize content from start to finish., Edit post-production footage with thorough knowledge of timing, motivation and continuity, as well as archiving., Work with creative team and marketing team to manage branding activities and marketing campaigns.",https://glints.com/id/opportunities/jobs/video-editor-internship/6a7dcc64-822b-45ec-9e23-3c84c7a70675?utm_referrer=explore
Company,Job_title,Location,Salary,Skill,Job_Desc,Links
PT EVE Medika Indonesia (EVE Beauty Clinic),Beautician,"Kelapa Gading, Jakarta Utara, DKI Jakarta, Indonesia","Rp2,5jt-Rp2,8jt","Ketelitian, Kerja Tim, Berkomunikasi Dengan Baik","membantu mempersiapkan peralatan treatment, membantu proses treatment yang di lakukan dokter, menjelaskan after care setelah treatment kepada tamu",https://glints.com/id/opportunities/jobs/beautician/e0feadc1-491f-47ca-926a-67526802a30c?utm_referrer=explore
MIRALAND,Admin Tax,"Kuta Selatan, Kab. Badung, Bali, Indonesia","Rp3,2jt-Rp4jt","Akuntansi, Advanced Microsoft Excel, Menguasai Perpajakan","Pendidikan Minimal D4/S1 Akutansi/Perpajakan, Pengalaman kerja di bidang perpajakan minimal 1 tahun.",https://glints.com/id/opportunities/jobs/admin-tax/8f04c579-728a-4fde-be93-3b80fdd4811e?utm_referrer=explore
MIRALAND,Admin Tax,"Kuta Selatan, Badung, Bali, Indonesia","Rp3,2jt-Rp4jt","Akuntansi, Advanced Microsoft Excel, Menguasai Perpajakan","Pendidikan Minimal D4/S1 Akutansi/Perpajakan, Pengalaman kerja di bidang perpajakan minimal 1 tahun.",https://glints.com/id/opportunities/jobs/admin-tax/8f04c579-728a-4fde-be93-3b80fdd4811e?utm_referrer=explore
PT. Artha Kreasi Utama,Sales B2B,"Wonocolo, Surabaya, Jawa Timur, Indonesia","Rp3,6jt","Microsoft Excel, Management, B2b Sales","Mengidentifikasi dan menghubungi prospek potensial di area yang ditugaskan., Mempromosikan dan menjual produk dan layanan perusahaan kepada pelanggan potensial., Membangun dan menjaga hubungan bisnis yang baik dengan pelanggan yang ada., Mencapai target penjualan yang ditetapkan oleh perusahaan., Mengikuti perkembangan pasar dan tren industri terkait., Memberikan layanan pelanggan yang superior dan menjawab pertanyaan atau masalah pelanggan dengan cepat dan efektif., Mengumpulkan dan menyampaikan informasi pasar dan umpan balik pelanggan kepada tim manajemen.",https://glints.com/id/opportunities/jobs/sales-b2b/187c829b-d50f-4d08-bda8-413490a8bdd2?utm_referrer=explore
PT Cilia Prisma Utama Makmur,Marketing Executive  - Banten,"Serang, Serang, Banten, Indonesia","Rp4,5jt-Rp5jt","Penjualan Dan Pemasaran, Sales, Sales Marketing","Posisi ini juga berlaku bagi Marketing Executive, Sales Representative, Business Development Officer dan Account Executive, Membuka pasar dan mencari pelanggan baru di pasar traditional, retail dan pareto, Bertanggung jawab atas mencapai target penjualan dan kunjungan yang telah ditetapkan perusahaan, Menjaga hubungan baik dengan pelanggan, Memastikan proses penjualan berjalan dengan lancar, Bertanggung jawab atas penagihan terhadap pelanggan, Membuat laporan harian, mingguan dan bulanan, Bersedia ditempatkan area Serang dan Tangerang",https://glints.com/id/opportunities/jobs/marketing-executive-banten/fa5ab68b-8796-4244-b6fe-25db9757317f?utm_referrer=explore
PT Inti Nya Teknologi,Teknisi Ritel,"Kelapa Gading, Jakarta Utara, DKI Jakarta, Indonesia",Rp5jt-Rp6jt,"Good Comunication Skill, Disiplin, Analytical Skills, Teknik Mesin, Membaca gambar teknik","Memperbaiki produk elektronik perusahaan, Memasang produk elektronik perusahaan, Memperbaiki produk elektronik customer yang rusak, Mampu menjelaskan bagaimana cara memperbaiki dan penyebab rusaknya barang elektronik",https://glints.com/id/opportunities/jobs/teknisi-ritel/5a77c8e2-ded6-40d3-848b-5c2c08c29e6e?utm_referrer=explore
Layz Production,[CLOSED] Software Engineer 1,"Samatiga, Kab. Aceh Barat, Nanggroe Aceh Darussalam, Indonesia",Rp5jt-Rp7jt,"JavaScript, Java, Java Programming","Membangun perangkat lunak yang kuat dan skalabel dengan membangun fitur baru, debugging, dan mengoptimalkan aplikasi, Menulis kode bersih untuk mengembangkan aplikasi web fungsional, Berkolaborasi dengan pengembang front-end untuk mengintegrasikan elemen yang terlihat oleh pengguna dengan logika sisi server, Mengembangkan dan mengusulkan produk atau fitur baru dengan memantau industri, Bekerja sama dengan desainer, manajer produk, dan administrator sistem untuk mengidentifikasi dan membangun fitur baru",https://glints.com/id/opportunities/jobs/closed-software-engineer-1/f49c2596-941f-499c-be56-4e77d2fa6240?utm_referrer=explore
AL-WILDAN ISLAMIC SCHOOL 4 JAKARTA SELATAN,LOWONGAN GURU SD (ENGLISH MATH SCIENCE),"Cilandak, Jakarta Selatan, DKI Jakarta, Indonesia",Rp4jt-Rp5jt,"Bahasa Inggris Aktif, Bisa Mengajar, mendidik","Membuat perencanaan pembelajaran, Mengajar English, Math, dan Science level SD, Memberikan aktivitas pelajaran dan penilaian kepada siswa, Membuat laporan nilai dan perkembangan siswa, Mengikuti kegiatan akademik maupun non akademik yang diadakan oleh sekolah, Bertanggung jawab atas pemenuhan pengajaran dan pendidikan yang diberikan kepada siswa",https://glints.com/id/opportunities/jobs/lowongan-guru-sd-english-math-science/4e92428f-c0b2-4b16-ab32-f8c8c509d642?utm_referrer=explore
PT.Midtou Bali,Sopir,"Denpasar Timur, Denpasar, Bali, Indonesia",Rp1jt-Rp2jt,"Disiplin Dan Jujur, Memiliki Kemampuan Komunikasi Yang Baik, Mengemudi Dengan Baik","Mengemudikan kendaraan dengan aman dan bertanggung jawab., Mengantarkan karyawan ke tujuan sesuai dengan rute yang ditentukan., Memastikan kondisi kendaraan dalam keadaan baik dan melakukan perawatan rutin., Mematuhi peraturan lalu lintas dan menjaga keamanan selama perjalanan.",https://glints.com/id/opportunities/jobs/sopir/203c2d9c-0fec-405a-96af-d72666f0263a?utm_referrer=explore
Pt Tns Raksasa Indonesia,Content Creator & Host Live Streaming,"Penjaringan, Jakarta Utara, DKI Jakarta, Indonesia",Rp4jt-Rp5jt,"Work Under Pressure, Target Oriented, Host Live, Content Writing, Persuasive Selling, Content Creator, Social Media, Handle Social Media, host live streaming, Siap Bekerja Dengan Target, Good Communication Skills, Content Marketing, Content Strategy","Disediakan mess karyawan (Free)., Tidak perlu memiliki pengalaman kerja (freshgraduate dapat melamar)., Memperoleh bonus komisi (bila target penjualan tercapai)., Lingkungan kerja yang nyaman.",https://glints.com/id/opportunities/jobs/content-creator-and-host-live-streaming/9e64cc56-412d-43be-9077-e2fda275e5fc?utm_referrer=explore
YUMICO,Sopir Pengiriman (DRIVER),"Denpasar Timur, Denpasar, Bali, Indonesia",Rp3jt-Rp3jt,"Memiliki Sim A Dan Sim C, Jujur Dan Pekerja Keras, Driver","Pria & wanita maksimal28 tahun, Pendidikan minimal SMA/SMKSEderajat, Memiliki pengalaman sama dalam bidangnya, Berpenampilan menarik; jujur, mampu bekerja dalam tim, Mampu berkomunikasi dengan baik, Tidak sedang kuliah & Single",https://glints.com/id/opportunities/jobs/sopir-pengiriman-driver/4649b596-10d5-41c0-8bc1-99f117ea2bd5?utm_referrer=explore
Sekolah Budi Luhur (SMP-SMA-SMK) Kota Tangerang,Guru SMK (Desain Komunikasi Visual),"Karang Tengah, Tangerang, Banten, Indonesia","Rp4jt-Rp4,5jt","saya mampu mengoperasikan software design, Memiliki Kemampuan Komunikasi Yang Baik, mampu mengajar","Membuat perencanaan pembelajaran, Memberikan aktivitas pelajaran dan penilaian kepada siswa, Membuat laporan nilai dan perkembangan siswa, Mengikuti kegiatan akademik maupun non akademik yang diadakan oleh sekolah, Bertanggung jawab atas pemenuhan pengajaran dan pendidikan yang diberikan kepada siswa",https://glints.com/id/opportunities/jobs/guru-smk-desain-komunikasi-visual/35da1ef2-3a36-4e77-9d67-2c35b82000a7?utm_referrer=explore
Taplink Indonesia,Sales Canvasing,"Denpasar Utara, Denpasar, Bali, Indonesia","Rp2,5jt-Rp5jt","Microsoft Powerpoint, Microsoft Excel, Presentation Skills","Memasarkan Taplink ke brand/seller yang growing dan terkenal., Bertanggung jawab untuk membangun, memelihara, memperluas hubungan yang erat dan konstruktif dengan merek/penjual terkenal., Memaksimalkan brand/penjual untuk menggunakan semua fitur Taplink dengan semestinya (termasuk fitur berbayar dan lain-lain)., Bekerja sama dengan tim lain untuk mendukung, menyelesaikan, dan mensukseskan merek dalam menggunakan Taplink., Mengumpulkan feedback dan Insight dari market untuk terus meningkatkan konten dan pengalaman pelanggan., Bekerja sama dengan manajer untuk membangun dan menumbuhkan fondasi yang kuat dari divisi Pengembangan Bisnis.",https://glints.com/id/opportunities/jobs/sales-canvasing/bf74f23e-3b7a-4b7c-b993-06c35acf9b43?utm_referrer=explore
Mils Technologies,Livestreamer,"Penjaringan, Jakarta Utara, DKI Jakarta, Indonesia",Rp4jt-Rp5jt,"Rajin Bertanggung Jawab, Berkomunikasi Dengan Baik, Good Selling Skill","Bekerja hanya 4 jam sehari, Mendapatkan Gaji Pokok + Komisi penjualan dari omzet yang dihasilkan",https://glints.com/id/opportunities/jobs/livestreamer/23c977ff-e491-4c6b-b8fa-5de04f62c541?utm_referrer=explore
MR Printing & Packaging,Content Creator,"Kebon Jeruk, Jakarta Barat, DKI Jakarta, Indonesia","Rp1,5jt-Rp3,5jt","Corel Draw, Content Creator, Graphic Design, Adobe Illustrator, Social Media Strategy, Basic Photo/video Editing, Creative Strategy, Adobe Photoshop","Bertanggung jawab untuk membuat, memproduksi dan mengunggah konten baik berupa graphic design maupun video di social media terutama di Instagram dan Tiktok, Membuat konten plan dan riset konten yang sedang trending, Menganalisa performa konten dan metrics untuk memperbaiki konten, Memperkenalkan produk social media untuk live atau konten, Membuat laporan harian dan mingguan",https://glints.com/id/opportunities/jobs/content-creator/901cf50a-25d9-4f4e-9db8-3ec73811958e?utm_referrer=explore
GreenBox Data Center,Teknisi Handphone,"Cikupa, Kab. Tangerang, Banten, Indonesia",Rp5jt-Rp6jt,"servis hp, Repair Handphone, Soldering skill, Teknisi Handphone, micro soldering iron, Handphone Technician, Motherboard Soldering, Soldering","Melakukan analisis terhadap kerusakan mesin server, Komponen mesin server mirip dengan komponen handphone, Melakukan proses reparasi mesin server yang mengalami kerusakan, Melakukan uji coba terhadap mesin server yang sudah direparasi, Bekerja shifting, Bekerja mobile area site jabodetabek dan sekitarnya",https://glints.com/id/opportunities/jobs/teknisi-handphone/2cf7ab10-2cba-4998-8d0a-b12ea1f82340?utm_referrer=explore
PT Berkah Lancar Abaditama,Sales Promotion Girl,"Taman, Sidoarjo, Jawa Timur, Indonesia","Rp2,8jt-Rp3jt","Public Speaking, Good Communication Skills, Sales Marketing","Menawarkan, mempromosikan, menjual dan memberikan penjelasan mengenai produk yang di jual, Menjawab pertanyaan konsumen dengan baik, Membantu transaksi penjualan produk dengan calon konsumen",https://glints.com/id/opportunities/jobs/sales-promotion-girl/99dabe50-98e1-4e4c-9d92-374ee57bae90?utm_referrer=explore
Activate Asia Group,Sales Promotor Printer,"Makassar, Makassar, Sulawesi Selatan, Indonesia",Rp3jt-Rp7jt,"Penjualan Dan Pemasaran, Marketing, Memiliki Kemampuan Komunikasi Yang Baik, Persuasive Selling, Penjualan, Pemasaran & Promosi, Sales, B2b Sales, Strategi Penjualan","Laki-Laki / Perempuan, max 35 tahun, Pendidikan terakhir minimal SMA/SMK/ Sederajat, Memiliki pengalaman kerja sebagai Sales Promotor (produk Handphone / Gadget), Memiliki pengetahuan dasar seputar printer & percetakan, Dapat bergabung secepatnya, Berdomisili di kota kebutuhan (Makassar)",https://glints.com/id/opportunities/jobs/sales-promotor-printer/8e4aa538-f462-408b-83a2-fb47c8ca1fae?utm_referrer=explore
Turnkey Group,Trading Analyst,"Parongpong, Kab. Bandung Barat, Jawa Barat, Indonesia","Rp3,5jt-Rp4jt","Ketelitian, Finance Analyst, Forex Trading, Analytical Skills, Trading","Fresh graduates from any major are welcome to apply, with preference given to candidates pursuing a degree in Finance, Economics, Business, Mathematics, Statistics, or a related field., Familiarity with financial markets and investment concepts., Strong analytical skills, with the ability to identify trends in data, Proficiency in Excel or other spreadsheet software., Effective written and verbal communication skills., Ability to work well in a team and fast-paced environment., Genuine interest in financial markets and trading., Available for shifting work schedules to accommodate trading hours and market needs.",https://glints.com/id/opportunities/jobs/trading-analyst/21afb4c7-fb20-46ec-8ccd-359971392806?utm_referrer=explore
Arca's Coffee & Eatery,Barista,"Serpong, Tangerang Selatan, Banten, Indonesia",Rp2jt-Rp3jt,"Barista And Waiters, Barista And Bartender, Barista","Umur Maks 24 Tahun, Berpenampilan rapih, Tertarik dengan dunia kopi, Tidak harus ada pengalaman (tapi yang ada pengalaman aka diprioritaskan), Bersedia bekerja di hari libur, Jujur dan ada niat untuk bekerja",https://glints.com/id/opportunities/jobs/barista/8b26383d-60da-4d08-98b5-1b64b3578aba?utm_referrer=explore
PT SWAPRO INTERNATONAL,Sales Promotor Hitachi,"Ciracas, Jakarta Timur, DKI Jakarta, Indonesia","Rp4,9jt-Rp4,9jt","Social Media Marketing, Sales, Sales Marketing","Mengidentifikasi dan menghubungi prospek potensial di area yang ditugaskan., Mempromosikan dan menjual produk seperti microwafe, ricecooker, tv,freezer, ac DLL. dan layanan perusahaan kepada pelanggan potensial., Membangun dan menjaga hubungan bisnis yang baik dengan pelanggan yang ada., Mencapai target penjualan yang ditetapkan oleh perusahaan., Mengikuti perkembangan pasar dan tren industri terkait., Memberikan layanan pelanggan yang superior dan menjawab pertanyaan atau masalah pelanggan dengan cepat dan efektif., Mengumpulkan dan menyampaikan informasi pasar dan umpan balik pelanggan kepada tim manajemen.",https://glints.com/id/opportunities/jobs/sales-promotor-hitachi/b772f15a-aadc-4344-9e44-b34953770a20?utm_referrer=explore
OTT InfoTech,Account Executive 会计助理,"Nongsa, Batam, Kepulauan Riau, Indonesia","USD1,1rb-USD1,4rb","Finance Accounting, Accounting, Account Management","編制會計報表、帳目核對、管理和現金流量報告, 確保財務資料的完整性, 履行管理層分配的其他相關職責",https://glints.com/id/opportunities/jobs/account-executive-会计助理/09587705-697e-4fad-9db2-cd35c11464ae?utm_referrer=explore
PT Daiichi Mandiri Automation,Full Stack IT Engineer,"Sawah Besar, Jakarta Pusat, DKI Jakarta, Indonesia",Rp6jt-Rp9jt,"Node.js, .NET, Flutter, Vue.js, Html / Css / Bootstrap, AngularJS, Kotlin Android, Database","Merancang aspek arsitektur software maupun hardware IT dalam sebuah sistem automation., Mengaplikasikan konsep desain sistem tersebut (melalui penentuan Software Stack & penentuan perangkat yang sesuai dengan konsep), Melakukan trial, commissioning, troubleshooting & adjustment pada sistem yang dibangun., Berkomunikasi dan berkoordinasi dengan baik antar sesama tim projek & customer untuk memastikan pekerjaan berjalan dengan lancar dan selesai dengan rentang waktu yang telah disetujui dengan customer., Melaporkan hasil pekerjaan kepada atasan.",https://glints.com/id/opportunities/jobs/full-stack-it-engineer/187cd2b4-6018-4a81-936b-c32d0de5b317?utm_referrer=explore
Pt Mahakarya Sukses Indonesia,Senior Marketing Manager,"Penjaringan, Jakarta Utara, DKI Jakarta, Indonesia",Rp30jt-Rp50jt,"Marketing Management, Analytical Skills, Marketing Strategy, Marketing Campaign","Bachelor's degree in Marketing or related field., Minimum 8 years of marketing experience, with a focus on strategic planning., Proven leadership skills with the ability to inspire and mentor a team., In-depth knowledge of digital marketing, SEO, and social media trends., Exceptional analytical and communication abilities., Creative thinker with a customer-centric approach., Budget management expertise.",https://glints.com/id/opportunities/jobs/senior-marketing-manager/e925bb38-10af-45cc-bdee-81a09f4c59f4?utm_referrer=explore
PT Samator Indo Gas Tbk,Sales Executive,"Rambipuji, Kab. Jember, Jawa Timur, Indonesia",Rp4jt-Rp5jt,"Sales and Marketing, Sales, B2b Sales","Mengatur dan melakukan kunjungan penjualan, Membuat proposal terperinci dan materi untuk presentasi kepada klien, Menawarkan kepada klien tentang layanan dan penawaran perusahaan, Menjaga hubungan dengan klien dengan memberikan dukungan dan informasi, Menyarankan peluang baru dan solusi, Bekerja sama dengan tim Pemasaran untuk menyusun paket layanan, Memberikan tanggapan yang cepat terhadap pertanyaan atau penyelesaian keluhan klien, Membantu mencapai target penjualan, Mengelola catatan aktivitas penjualan dan menyusun laporan penjualan",https://glints.com/id/opportunities/jobs/sales-executive/090ecd85-ee13-45eb-a26b-42882405eea5?utm_referrer=explore
OTT InfoTech,Account Executive 会计助理,"Makasar, Jakarta Timur, DKI Jakarta, Indonesia","USD1rb-USD1,4rb","Accurate (accounting), Accounting, Account Management","編制會計報表、帳目核對、管理和現金流量報告, 確保財務資料的完整性, 履行管理層分配的其他相關職責",https://glints.com/id/opportunities/jobs/account-executive-会计助理/4b79898c-a733-43de-b5d1-e10512e733c2?utm_referrer=explore
OTT InfoTech,Customer Service Representative 行销客服,"Medan Area, Medan, Sumatera Utara, Indonesia","USD1rb-USD1,4rb","Customer Service, Customer Support, Customer Relationship","確保向客戶提供的服務符合合同關鍵績效指標, 明確客戶要求；提出更多問題以更好地理解問題，使用知識和資源適當提供解 決方案, 認真傾聽客戶的需求和疑慮；同時與客戶建立融洽關係, 使用商定的程式以禮貌、友好和專業的方式迎接客戶, 深入瞭解我們的標準操作程式 (SOP)，以確保最標準和最準確的支援形式, 接待來自香港、臺灣、中國等國家的客戶詢問, 處理投訴並提供説明解決問題且確保客戶滿意, 提供有關最新促銷和優惠的資訊, 引導顧客玩新遊戲, 提供卓越的客戶服務",https://glints.com/id/opportunities/jobs/customer-service-representative-行销客服/31653272-8a90-4793-b318-2287768ab972?utm_referrer=explore
Pt. Sinergi Ayu Semesta,Personal Assistant to Director,"Tanah Sareal, Bogor, Jawa Barat, Indonesia",Rp3jt-Rp4jt,"Creative Problem Solving, Travel Management, Microsoft Office, Good Communication Skills, Time Management","Minimal lulusan D3 atau setara., Kemampuan komunikasi lisan dan tertulis yang baik dalam bahasa Indonesia. Kemampuan berkomunikasi dalam bahasa Inggris adalah nilai tambah., Kemampuan menggunakan perangkat lunak produktivitas seperti Microsoft Office (Word, Excel, PowerPoint), email, dan kalender online., Kemampuan untuk mengelola waktu, jadwal, dan tugas-tugas dengan baik., Kemampuan untuk menjaga kerahasiaan informasi pribadi dan bisnis., Kemampuan untuk menangani beberapa tugas sekaligus dengan baik., Pengalaman dalam mengatur perjalanan, rapat, dan acara adalah nilai tambah., Kepatuhan, keterampilan adaptasi, dan kemampuan untuk bekerja dalam tekanan.",https://glints.com/id/opportunities/jobs/personal-assistant-to-director/341d595e-86ce-4497-b8e2-e70a54313974?utm_referrer=explore
Pt. Sinergi Ayu Semesta,Videografer & Editor,"Tanah Sareal, Bogor, Jawa Barat, Indonesia",Rp3jt-Rp4jt,"Fotografi & Videografi, Editing Video, Video Editor, Video Editing, Product Knowledge, Videography, Good Communication Skills","Pengalaman kerja sebelumnya sebagai videographer dan editor, terutama dalam industri skincare atau kecantikan akan menjadi nilai tambah., Keterampilan yang kuat dalam penggunaan perangkat lunak pengeditan video seperti Adobe Premiere Pro, Final Cut Pro, atau sejenisnya., Kemampuan mengoperasikan kamera dan peralatan videografi., Kemampuan untuk menghasilkan konten video berkualitas dengan pemahaman yang baik tentang komposisi visual dan pencahayaan., Pemahaman yang baik tentang tren dalam industri media sosial dan konten digital., Kreativitas yang tinggi dan kemampuan untuk berpikir ""out of the box"" dalam pembuatan video., Kemampuan untuk bekerja secara mandiri dan dalam tim., Keterampilan komunikasi yang baik untuk berkolaborasi dengan tim pemasaran dan brand management., Pemahaman tentang produk skincare dan pengetahuan tentang teknik penggunaan skincare akan menjadi nilai tambah.",https://glints.com/id/opportunities/jobs/videografer-and-editor/78de2ed3-975c-4285-9e41-2cfd19f1ed5e?utm_referrer=explore
PT. Bintang Ibarbo Boga,SPG dan SPB,"Kapanewon Sleman, Kab. Sleman, DI Yogyakarta, Indonesia","Rp2,2jt-Rp2,5jt","Sales Promotion, Pemasaran & Promosi, Kasir","Menawarkan produk dan melakukan penjualan di outlet, Memberikan pelayanan informasi produk kepada pelanggan, Membantu memantau stok barang, kerapian, dan kebersihan display barang, Membuat dan memberikan laporan penjualan dan stok rutin, Mencapai target penjualan yang telah ditentukan",https://glints.com/id/opportunities/jobs/spg-dan-spb/8d290a49-74ef-46fb-a821-06986c6c6cd1?utm_referrer=explore
Brain Optimax,Clinical Psychology Internship,"Kelapa Gading, Jakarta Utara, DKI Jakarta, Indonesia",Rp1jt-Rp1jt,"People Skills, Enjoy Teaching Children, Academic Research","Assist psychologists in conducting psychological assessments on children, teens and young adults with challenges such as cognitive/ neurodevelopmental disorders, e.g., ASD, ADD/ADHD, anxiety, depression, etc. using qEEG, psychometric tools, etc., Participate in projects to educate Brain Optimax's target audience, including but not limited to article research, course creation, social media posting, etc., Assist in administering interventions/therapy sessions using an eclectic mix of modalities including but not limited to neuro-modulation, etc., Assist in preparing clients' progress reports and other administrative tasks.",https://glints.com/id/opportunities/jobs/clinical-psychology-internship/f73561cc-d299-44a6-9ace-814b4f7605db?utm_referrer=explore
