Company,Job_title,Salary,Department,Type,Study_Req,Experience,Skill,Job_Desc
,,,,,,,"Skills, Apache Kafka, Eureka, Spring Framework, Kubernetes & Docker, Microservice Architecture, DevOps, Ci/cd","Proficiency in Java programming., Strong knowledge of the Spring Framework, particularly Spring Boot for building microservices., Understand the principles and best practices of microservices architecture., Experience in designing and developing microservices., Be adept at creating RESTful APIs using Spring Boot., Familiarity with containerization technologies like Docker., Experience with container orchestration platforms such as Kubernetes., Knowledge of various database systems, both relational and NoSQL., Expertise in data modeling for microservices., Understanding of API gateways, Familiarity with service discovery tools like Eureka or Consul., Experience with message brokers like Apache Kafka or RabbitMQ., Knowledge of event-driven architecture patterns., Proficiency in securing microservices, including authentication and authorization., Knowledge of OAuth, JWT, and SSL/TLS., Experience with Continuous Integration and Continuous Deployment (CI/CD) pipelines., Familiarity with tools like Jenkins, Travis CI, or GitLab CI/CD., Unit testing, integration testing, and end-to-end testing using tools like JUnit and Postman., Basic knowledge of DevOps practices, including infrastructure as code (IaC)., Understanding of cloud platforms like AWS, Azure, or Google Cloud., Proficiency with monitoring tools like Prometheus, Grafana, or ELK stack (Elasticsearch, Logstash, Kibana)., Experience in application performance monitoring., Strong documentation skills for maintaining code and system documentation., Familiarity with version control systems like Git., Strong problem-solving skills., Good communication and collaboration skills for working in a team., An understanding of agile methodologies., Depending on the industry you work in, domain-specific knowledge can be crucial. For example, financial services, healthcare, e-commerce, etc., Knowledge of techniques for optimizing the performance and scalability of microservices., Implementing mechanisms to make microservices fault-tolerant and resilient., Keeping up-to-date with security best practices to protect microservices against vulnerabilities., The field of microservices is constantly evolving. A willingness to learn and adapt to new technologies and best practices is crucial."
,,,,,,,"Tingkatkan peluangmu menemukan pekerjaan baru. Kami akan melihat kesesuaian skill di profilmu dengan yang ada di deskripsi pekerjaan. Got It!, Tingkatkan peluangmu menemukan pekerjaan baru. Kami akan melihat kesesuaian skill di profilmu dengan yang ada di deskripsi pekerjaan. Got It!, Tingkatkan peluangmu menemukan pekerjaan baru. Kami akan melihat kesesuaian skill di profilmu dengan yang ada di deskripsi pekerjaan. Got It!, Skills, , Penjualan Dan PemasaranCustomer RelationsMicrosoft Office, Penjualan Dan Pemasaran, Penjualan Dan Pemasaran, Customer Relations, Customer Relations, Microsoft Office, Microsoft Office","Mengembangkan rencana merek dan strategi pemasaran yang efektif dan inovatif untuk membangun merek yang kuat, Menciptakan pesan merek yang akan meningkatkan penjualan, Mengembangkan strategi merek untuk meningkatkan citra merek, Mengelola agensi dan klien eksternal untuk meningkatkan penjualan pasar, Bekerja sama erat dengan tim berbeda di perusahaan untuk memastikan konsistensi merek, Pendidikan minimal S1 Ilmu Komunikasi / Marketing, Pengalaman minimal 2 tahun di bidang yang sama, Kemampuan komunikasi verbal dan tertulis yang sangat baik, Kemampuan riset dan analisis yang kuat, Mengikuti perkembangan terbaru dalam tren dan perilaku konsumen"
,,,,,,,"Tingkatkan peluangmu menemukan pekerjaan baru. Kami akan melihat kesesuaian skill di profilmu dengan yang ada di deskripsi pekerjaan. Got It!, Tingkatkan peluangmu menemukan pekerjaan baru. Kami akan melihat kesesuaian skill di profilmu dengan yang ada di deskripsi pekerjaan. Got It!, Tingkatkan peluangmu menemukan pekerjaan baru. Kami akan melihat kesesuaian skill di profilmu dengan yang ada di deskripsi pekerjaan. Got It!, Skills, , Microsoft ExcelSocial Media ManagementOnline Marketplace, Microsoft Excel, Microsoft Excel, Social Media Management, Social Media Management, Online Marketplace, Online Marketplace","Assisting CEO in daily life, office related matter and also business trip., Organizing appointments and agendas., Assist in digital marketing, campaign coordination, and metric tracking., Manage social media, content creation, and engagement., Coordinate online sales activities and e-commerce., Oversee content distribution and customer engagement., Analyze data for reporting and decision-making., Plan and execute online events., Minimum Bachelor degree (S1)., Age criteria: 20 to 35., Prior experience in digital marketing, e-commerce, and social media., Effective communication and positive attitude., Tech-savvy with digital marketing tools., Effective communication and positive attitude., Possess basic financial understanding., Strong organizational skills., Customer-centric approach., Professional representation., Appreciation for the fashion industry., Proficiency in data processing and photo editing software (Ms. Excel, Photoshop, etc), Video call (approx. 30 minutes screening)., Filling out recruitment form., On-site interview and software competency test (approx. 90 minutes)."
,,,,,,,"Skills, PreSales/Technical Support, English Speaking, ERP Software, Software Presales, English Language, Presales, Presales Engineer, Presales support, Driving License, Fluent In English Both Oral And Written, Good Communication Skills, Cloud Computing","Pria Usia min. 25 tahun, Pendidikan min. D3 / S1 Jurusan Telekomunikasi atau Komputer, Pengalaman minimal 2 tahun sebagai sales IT, Komputer, Internet, telekomunikasi dan sejenisnya, (Diutamakan yang pernah bekerja di bidang ISP / ERP/ SOFTWARE/ security), Jujur, pekerja keras dan dapat bekerja sama dengan Team, Fasih dalam menggunakan Ms Office dan bidang IT, Memiliki kendaraan bermotor, Lokasi Penempatan di Jakarta Barat, Melakukan pertemuan dengan Client atau pelanggan yang potensial, Melakukan pendekatan kepada Client, mengatur perencanaan promosi, serta mengumpulkan berbagai informasi yang berhubungan dengan solusi yang nantinya akan ditawarkan., Memberikan solusi terbaik sesuai dengan jangka waktu yang diinginkan Client yang telah disepakati sebelumnya., Menyampaikan presentasi, Merespon proposal RFP ( Request for Proposal ), Memfollow up dan memantau proses penawaran., Menjaga hubungan baikÂ denganÂ client"
,,,,,,,"Skills, Corporate Finance, Finance Accounting, Finance","Memastikan operasional perusahaan berjalan dengan baik melalui pengelolaan keuangan., Membuat time schedule pembayaran tagihan perusahaan., Membuat time schedule penagihan/pemotongan piutang karyawan., Mengelola kegiatan penerimaan dan pencatatan uang pembayaran dari pelanggan (sales) secara tertib dan akurat., Mengelola kegiatan pembayaran pada pelanggan (convert) agar pembayaran tepat waktu dan akurat., Mengelola kegiatan pencatatan semua transaksi keuangan secara akurat dan tepat waktu., Mengelola penggunaan dan pencatatan kas perusahaan secara cermat dan profesional., Mengelola kegiatan pembayaran aneka tagihan supplier dan melakukan pencatatannya secara cermat dan akurat., Mengelola kegiatan pembayaran gaji,  asuransi dan kebutuhan internal lainnya serta melakukan pencatatannya secara cermat dan akurat., Mengevaluasi hasil pelaksanaan rencana dan program., pengumpulan data untuk WRM., Keterampilan mengelola keuangan, Kemampuan mengoperasikan Microsoft Office, Dapat berkomunikasi dengan baik dan profesional., Memiliki kemampuan analytical thinking, planning and organizing, problem solving, dan decision making yang baik., Pengalaman Kerja Minimal 2 (dua) Tahun Sebagai Supervisor (Finance, Audit, Operasional), Pendidikan Formal: Minimal S1 Akuntansi, S1 Manajemen (Manajemen Keuangan), S1 Perbankan."
,,,,,,,"Tingkatkan peluangmu menemukan pekerjaan baru. Kami akan melihat kesesuaian skill di profilmu dengan yang ada di deskripsi pekerjaan. Got It!, Tingkatkan peluangmu menemukan pekerjaan baru. Kami akan melihat kesesuaian skill di profilmu dengan yang ada di deskripsi pekerjaan. Got It!, Tingkatkan peluangmu menemukan pekerjaan baru. Kami akan melihat kesesuaian skill di profilmu dengan yang ada di deskripsi pekerjaan. Got It!, Skills, , Pengalaman Buat KontenDesain GrafisFotografi & Videografi, Pengalaman Buat Konten, Pengalaman Buat Konten, Desain Grafis, Desain Grafis, Fotografi & Videografi, Fotografi & Videografi","Membuat dan merancang materi konten atau iklan, Mengelola Desain dari Konsep hingga Produksi, Memotret produk untuk keperluan desain, Membuat video untuk konten, Cowok usia max. 27 tahun, Belum menikah, Domisili Jogja / Bantul, Kreatif dan Inovatif, Bisa membuat konsep konten, Mahir CorelDraw & Photoshop, Mahir membuat Foto & Video, Mahir membuat desain yang BAGUS untuk konten sosmed dan iklan"
,,,,,,,"Skills, Marketing, Sales and Marketing, Direct Sales, Sales, B2b Sales, Sales Marketing","Pria/Wanita, Usia Maksimal 33 tahun, Pendidikan minimal D3, Berpengalaman di Bidang Sales/Marketing, Mempunyai kendaraan bermotor dan SIM, Berperilaku dan penampilan baik serta berdomisili di Jabodetabek, Gaji Pokok (UMP), BPJS Kesehatan dan BPJS Ketenagakerjaan sesuai ketentuan, Tunjangan Hari Raya, Insentif"
,,,,,,,"Tingkatkan peluangmu menemukan pekerjaan baru. Kami akan melihat kesesuaian skill di profilmu dengan yang ada di deskripsi pekerjaan. Got It!, Tingkatkan peluangmu menemukan pekerjaan baru. Kami akan melihat kesesuaian skill di profilmu dengan yang ada di deskripsi pekerjaan. Got It!, Tingkatkan peluangmu menemukan pekerjaan baru. Kami akan melihat kesesuaian skill di profilmu dengan yang ada di deskripsi pekerjaan. Got It!, Skills, , Sales CanvassingDirect SalesSales OperationsRetail SalesSales Marketing, Sales Canvassing, Sales Canvassing, Direct Sales, Direct Sales, Sales Operations, Sales Operations, Retail Sales, Retail Sales, Sales Marketing, Sales Marketing",
,,,,,,,"Tingkatkan peluangmu menemukan pekerjaan baru. Kami akan melihat kesesuaian skill di profilmu dengan yang ada di deskripsi pekerjaan. Got It!, Tingkatkan peluangmu menemukan pekerjaan baru. Kami akan melihat kesesuaian skill di profilmu dengan yang ada di deskripsi pekerjaan. Got It!, Tingkatkan peluangmu menemukan pekerjaan baru. Kami akan melihat kesesuaian skill di profilmu dengan yang ada di deskripsi pekerjaan. Got It!, Skills, , Customer ServiceBarista And WaitersKitchen helperHospitalityHospitality and ServiceFood and BeverageFood Preparation, Customer Service, Customer Service, Barista And Waiters, Barista And Waiters, Kitchen helper, Kitchen helper, Hospitality, Hospitality, Hospitality and Service, Hospitality and Service, Food and Beverage, Food and Beverage, Food Preparation, Food Preparation",
,,,,,,,"Tingkatkan peluangmu menemukan pekerjaan baru. Kami akan melihat kesesuaian skill di profilmu dengan yang ada di deskripsi pekerjaan. Got It!, Tingkatkan peluangmu menemukan pekerjaan baru. Kami akan melihat kesesuaian skill di profilmu dengan yang ada di deskripsi pekerjaan. Got It!, Tingkatkan peluangmu menemukan pekerjaan baru. Kami akan melihat kesesuaian skill di profilmu dengan yang ada di deskripsi pekerjaan. Got It!, Skills, , Adobe LightroomSocial Media ManagementGraphic DesignAdobe IllustratorCanvaAdobe Photoshop, Adobe Lightroom, Adobe Lightroom, Social Media Management, Social Media Management, Graphic Design, Graphic Design, Adobe Illustrator, Adobe Illustrator, Canva, Canva, Adobe Photoshop, Adobe Photoshop",
,,,,,,,"Skills, Trend Forecasting, Pattern Making, Fashion Styling","Memiliki pengalaman sebagai Fashion Designer perusahaan garment, khususnya di garment ready to wear, mengerti alur proses produksi lebih disukai., Mampu mengoperasikan program komputer design seperti coreldraw, photoshop atau illustrator, bisa menggambar menggunakan pad / digital drawing., Update dengan trend lokal dan international dan mengerti cara mengaplikasikannya ke dalam produk., Terlibat dalam proses pembuatan prototipe, fitting sample, dan memastikan product ready to produce, Melakukan pre-costing, Memperhatikan detail dan kualitas, pastikan produk jadi memenuhi standar perusahaan, Mengerti basic jahit dan pembuatan pola pakaian akan diutamakan, Wanita, usia Maksimal 30 Tahun, Pendidikan min. Diploma atau Sarjana di Tekstil/Fashion Design atau setara, Pengalaman min. 2 tahun di bidang yang sama, Attention to detail, Good with number, Fokus pada hasil, Punya taste fashion yang baik dan mengikuti trend (fashion Korea), Kreatif, Inovatif, Strategic thinking, berorientasi bisnis , self-motivated, Mau mengembangkan diri dan mampu bekerja sesuai deadline perusahaan, Dapat bergabung segera"
,,,,,,,"Tingkatkan peluangmu menemukan pekerjaan baru. Kami akan melihat kesesuaian skill di profilmu dengan yang ada di deskripsi pekerjaan. Got It!, Tingkatkan peluangmu menemukan pekerjaan baru. Kami akan melihat kesesuaian skill di profilmu dengan yang ada di deskripsi pekerjaan. Got It!, Tingkatkan peluangmu menemukan pekerjaan baru. Kami akan melihat kesesuaian skill di profilmu dengan yang ada di deskripsi pekerjaan. Got It!, Skills, , Search Engine Optimization (SEO)Seo/semSEOSeo BasicSeo On PageSeo And Web AnalyticsSeo WritingSeo Content Writing, Search Engine Optimization (SEO), Search Engine Optimization (SEO), Seo/sem, Seo/sem, SEO, SEO, Seo Basic, Seo Basic, Seo On Page, Seo On Page, Seo And Web Analytics, Seo And Web Analytics, Seo Writing, Seo Writing, Seo Content Writing, Seo Content Writing","Meneliti kata kunci yang relevan untuk meningkatkan peringkat situs web kami di hasil pencarian., Mengoptimalkan konten situs web agar lebih sesuai dengan kata kunci yang dicari oleh pengguna., Memastikan struktur situs web kami mudah dipahami oleh mesin pencari., Membantu mengatur tautan antar halaman agar situs web menjadi lebih mudah dinavigasi., Menyusun strategi untuk mendapatkan tautan dari situs web lain yang berkualitas tinggi agar meningkatkan otoritas situs kami., Memantau dan menganalisis lalu lintas situs web serta memberikan saran perbaikan berdasarkan data yang ditemukan., Menciptakan kampanye pemasaran konten yang mengedepankan strategi SEO., Menyelidiki perubahan terbaru dalam algoritma mesin pencari dan mengadaptasi strategi SEO sesuai dengan perubahan tersebut., Setidaknya memiliki pengalaman kerja selama 2 tahun sebagai Spesialis SEO atau posisi serupa., Memiliki pemahaman yang baik tentang teknik-teknik SEO seperti penelitian kata kunci, optimasi konten, dan pengelolaan tautan., Familiar dengan alat-alat SEO seperti Google Analytics, Google Search Console, dan sejenisnya., Dapat menganalisis data dan memberikan wawasan yang berharga untuk meningkatkan kinerja situs web kami., Bersedia beradaptasi dengan cepat terhadap perubahan dalam algoritma mesin pencari., Kreatif dan mampu berkolaborasi dengan tim pemasaran kami., Gaji Pokok, THR, Bonus Pencapaian, Jaminan Kesehatan, Bonus Liburan Tahunan, Qurban untuk Karyawan, Umroh untuk karyawan"
,,,,,,,"Skills, Penjualan Dan Pemasaran, Teknik Sipil, Negotiation Skill, Driving Car",
,,,,,,,"Tingkatkan peluangmu menemukan pekerjaan baru. Kami akan melihat kesesuaian skill di profilmu dengan yang ada di deskripsi pekerjaan. Got It!, Tingkatkan peluangmu menemukan pekerjaan baru. Kami akan melihat kesesuaian skill di profilmu dengan yang ada di deskripsi pekerjaan. Got It!, Tingkatkan peluangmu menemukan pekerjaan baru. Kami akan melihat kesesuaian skill di profilmu dengan yang ada di deskripsi pekerjaan. Got It!, Skills, , Marketing PromotionCustomer ServiceMarketingSales ManagementSalesSales Marketing, Marketing Promotion, Marketing Promotion, Customer Service, Customer Service, Marketing, Marketing, Sales Management, Sales Management, Sales, Sales, Sales Marketing, Sales Marketing","Perempuan, usia maksimal 40 tahun, Memiliki gelar sarjana S1 dalam bidang apapun, Memiliki pengalaman minimal 5 tahun di bidang Property/Manajemen Real Estate atau setara, Memiliki kemampuan memimpin inisiasi promosi produk, menguasai strategi pemasaran, dan meningkatkan penjualan, Memiliki inisiatif dan mampu menawarkan solusi produk untuk konsumen, Bertanggung jawab, jujur dan terbiasa dengan target, Mudah bersosialisasi dengan orang baru, Memenuhi target penjualan unit rumah, Bertanggung jawab dalam melakukan handling konsumen di lokasi proyek, Memberikan inisiatif masukan untuk meningkatkan penjualan, Bertanggung jawab atas laporan yang dibutuhkan"
,,,,,,,"Tingkatkan peluangmu menemukan pekerjaan baru. Kami akan melihat kesesuaian skill di profilmu dengan yang ada di deskripsi pekerjaan. Got It!, Tingkatkan peluangmu menemukan pekerjaan baru. Kami akan melihat kesesuaian skill di profilmu dengan yang ada di deskripsi pekerjaan. Got It!, Tingkatkan peluangmu menemukan pekerjaan baru. Kami akan melihat kesesuaian skill di profilmu dengan yang ada di deskripsi pekerjaan. Got It!, Skills, , Sales and MarketingB2b SalesRetail Sales, Sales and Marketing, Sales and Marketing, B2b Sales, B2b Sales, Retail Sales, Retail Sales","Laki- Laki, maksimal 38 tahun, Pendidikan minimal SMA/SMK/D1 (Teknik Mesin diutamakan), Pengalaman minimal 2 tahun di bidang yang sama, Kemampuan komunikasi dan negosiasi yang baik, Memahami penjualan mesin, sparepart dan dinami, Pengetahuan tentang administrasi sales  teknologi informasi diperlukan, Bersedia dinas luar kota dan pulau, Diutamakan menguasai wilayah Indonesia Barat ( JABAR, DKI, BANTEN, & SUMATERA), Penempatan Surabaya"
,,,,,,,"Tingkatkan peluangmu menemukan pekerjaan baru. Kami akan melihat kesesuaian skill di profilmu dengan yang ada di deskripsi pekerjaan. Got It!, Tingkatkan peluangmu menemukan pekerjaan baru. Kami akan melihat kesesuaian skill di profilmu dengan yang ada di deskripsi pekerjaan. Got It!, Tingkatkan peluangmu menemukan pekerjaan baru. Kami akan melihat kesesuaian skill di profilmu dengan yang ada di deskripsi pekerjaan. Got It!, Skills, , Hair StylingHair CuttingSalon Assistant, Hair Styling, Hair Styling, Hair Cutting, Hair Cutting, Salon Assistant, Salon Assistant",
,,,,,,,"Tingkatkan peluangmu menemukan pekerjaan baru. Kami akan melihat kesesuaian skill di profilmu dengan yang ada di deskripsi pekerjaan. Got It!, Tingkatkan peluangmu menemukan pekerjaan baru. Kami akan melihat kesesuaian skill di profilmu dengan yang ada di deskripsi pekerjaan. Got It!, Tingkatkan peluangmu menemukan pekerjaan baru. Kami akan melihat kesesuaian skill di profilmu dengan yang ada di deskripsi pekerjaan. Got It!, Skills, , Sarjana 1 > Sarjana 1 MarketingInterpersonal SkillsProactive And Fast LearnerWant to learn and growSarjana 1 > Sarjana 1 Bisnis ManagementSarjana 1 > Sarjana 1 PendidikanSarjana 1 > Sarjana 1 Komputerakreditasi jurusan minimal BFresh GraduateSarjana 1 > Sarjana 1 Komunikasiminimum IPK 3,0Sarjana 1 > Sarjana TeknikGood Communication SkillsSarjana 1 > Sarjana Sains, Sarjana 1 > Sarjana 1 Marketing, Sarjana 1 > Sarjana 1 Marketing, Interpersonal Skills, Interpersonal Skills, Proactive And Fast Learner, Proactive And Fast Learner, Want to learn and grow, Want to learn and grow, Sarjana 1 > Sarjana 1 Bisnis Management, Sarjana 1 > Sarjana 1 Bisnis Management, Sarjana 1 > Sarjana 1 Pendidikan, Sarjana 1 > Sarjana 1 Pendidikan, Sarjana 1 > Sarjana 1 Komputer, Sarjana 1 > Sarjana 1 Komputer, akreditasi jurusan minimal B, akreditasi jurusan minimal B, Fresh Graduate, Fresh Graduate, Sarjana 1 > Sarjana 1 Komunikasi, Sarjana 1 > Sarjana 1 Komunikasi, minimum IPK 3,0, minimum IPK 3,0, Sarjana 1 > Sarjana Teknik, Sarjana 1 > Sarjana Teknik, Good Communication Skills, Good Communication Skills, Sarjana 1 > Sarjana Sains, Sarjana 1 > Sarjana Sains","Menjadi bagian dari Tim 6 orang dan 3 Mentor Senior., Belajar dari awal mengenai Digital Marketing, terutama di bidang Paid Marketing (Facebook Ads, Instagram Ads, Google Ads, Website, SEO)., Membuat dan Mengedit Landing Page / Website untuk Keperluan Marketing Client., Membuat, Mengoptimisasi dan Memonitor Iklan di Facebook dan Instagram., Membuat, Mengoptimisasi dan Memonitor Iklan di Google (Search Ads, Display Ads, Video Ads, Shopping Ads)., Melakukan A/B Test untuk Setiap Copywriting / Design Iklan., Melakukan Analisa Performance Iklan melalui Google Analytics., Membuat Copywriting Iklan yang Menjual., Melakukan Setup E-mail Marketing., Last but not least, bring happiness to our team ðŸ™‚"
,,,,,,,"Tingkatkan peluangmu menemukan pekerjaan baru. Kami akan melihat kesesuaian skill di profilmu dengan yang ada di deskripsi pekerjaan. Got It!, Tingkatkan peluangmu menemukan pekerjaan baru. Kami akan melihat kesesuaian skill di profilmu dengan yang ada di deskripsi pekerjaan. Got It!, Tingkatkan peluangmu menemukan pekerjaan baru. Kami akan melihat kesesuaian skill di profilmu dengan yang ada di deskripsi pekerjaan. Got It!, Skills, , Adaptive and FlexibilityProses RekrutmenTeam LeadershipFun And OutgoingPositive MindsetHardworker, Adaptive and Flexibility, Adaptive and Flexibility, Proses Rekrutmen, Proses Rekrutmen, Team Leadership, Team Leadership, Fun And Outgoing, Fun And Outgoing, Positive Mindset, Positive Mindset, Hardworker, Hardworker",
,,,,,,,"Tingkatkan peluangmu menemukan pekerjaan baru. Kami akan melihat kesesuaian skill di profilmu dengan yang ada di deskripsi pekerjaan. Got It!, Tingkatkan peluangmu menemukan pekerjaan baru. Kami akan melihat kesesuaian skill di profilmu dengan yang ada di deskripsi pekerjaan. Got It!, Tingkatkan peluangmu menemukan pekerjaan baru. Kami akan melihat kesesuaian skill di profilmu dengan yang ada di deskripsi pekerjaan. Got It!, Skills, , JavaScriptjQueryMySQLPhp ProgrammingWeb DeveloperWordPressWoocommerceHtml / Css / Bootstrap, JavaScript, JavaScript, jQuery, jQuery, MySQL, MySQL, Php Programming, Php Programming, Web Developer, Web Developer, WordPress, WordPress, Woocommerce, Woocommerce, Html / Css / Bootstrap, Html / Css / Bootstrap",
,,,,,,,"Skills, Customer Service, Fluent In Mandarin, Mandarin Chinese",
,,,,,,,"Tingkatkan peluangmu menemukan pekerjaan baru. Kami akan melihat kesesuaian skill di profilmu dengan yang ada di deskripsi pekerjaan. Got It!, Tingkatkan peluangmu menemukan pekerjaan baru. Kami akan melihat kesesuaian skill di profilmu dengan yang ada di deskripsi pekerjaan. Got It!, Tingkatkan peluangmu menemukan pekerjaan baru. Kami akan melihat kesesuaian skill di profilmu dengan yang ada di deskripsi pekerjaan. Got It!, Skills, , Search Engine Optimization (SEO)SEOSeo On PageSeo MarketingSeo And Web AnalyticsSeo Content Writing, Search Engine Optimization (SEO), Search Engine Optimization (SEO), SEO, SEO, Seo On Page, Seo On Page, Seo Marketing, Seo Marketing, Seo And Web Analytics, Seo And Web Analytics, Seo Content Writing, Seo Content Writing","Conduct SEO research to understand search trends, organic traffic opportunities, and gaps in our customersâ€™ search experience for ideation of new content & SEO Method, Prioritize SEO initiatives based on strategic importance to the business and impact, Reviewing and analyzing websites for areas that can be improved and optimized, Monitor and report on SEO performance and prepare detailed strategy reports, Identifying powerful keywords to drive the most valuable traffic, Filling websites and other content with effective keywords, Advise our editorial team on how to write effective SEO content for blogs, websites and social media accounts., Developing link building strategies and execute them with support, Analyzing keywords and SEO techniques used by competitors, Keeping updated on both white hat and black hat SEO strategies to avoid stay within search engine guidelines, Compiling and presenting SEO guidelines, Write asset optimization requirements for web development to execute, Prior experience in content marketing, content growth and SEO for atleast 2 years, Working knowledge of search engine optimization practices, Outstanding ability to think creatively, strategically, and identify and resolve problems., Excellent verbal and written communication skills in both Bahasa and English, Ability to work within a team and independently, Very familiar with working with Google analytics and other tracking tools (Google Search Console, Google Keyword Planner, Ahref, Moz, etc.), Experience with website optimization tools, Strong organizational, time management, and analytical skills, Experience coordinating SEO initiatives in a complex, international organization"
,,,,,,,"Tingkatkan peluangmu menemukan pekerjaan baru. Kami akan melihat kesesuaian skill di profilmu dengan yang ada di deskripsi pekerjaan. Got It!, Tingkatkan peluangmu menemukan pekerjaan baru. Kami akan melihat kesesuaian skill di profilmu dengan yang ada di deskripsi pekerjaan. Got It!, Tingkatkan peluangmu menemukan pekerjaan baru. Kami akan melihat kesesuaian skill di profilmu dengan yang ada di deskripsi pekerjaan. Got It!, Skills, , Sales StrategyNegotiation SkillMarket research and business analysisDigital AdvertisingClient Relationsrevenue growthSales Reporting, Sales Strategy, Sales Strategy, Negotiation Skill, Negotiation Skill, Market research and business analysis, Market research and business analysis, Digital Advertising, Digital Advertising, Client Relations, Client Relations, revenue growth, revenue growth, Sales Reporting, Sales Reporting",
,,,,,,,"Tingkatkan peluangmu menemukan pekerjaan baru. Kami akan melihat kesesuaian skill di profilmu dengan yang ada di deskripsi pekerjaan. Got It!, Tingkatkan peluangmu menemukan pekerjaan baru. Kami akan melihat kesesuaian skill di profilmu dengan yang ada di deskripsi pekerjaan. Got It!, Tingkatkan peluangmu menemukan pekerjaan baru. Kami akan melihat kesesuaian skill di profilmu dengan yang ada di deskripsi pekerjaan. Got It!, Skills, , Staff GudangAdministrasi gudangHelper gudangJujur Dan Pekerja KerasBerkomunikasi Dengan Baik, Staff Gudang, Staff Gudang, Administrasi gudang, Administrasi gudang, Helper gudang, Helper gudang, Jujur Dan Pekerja Keras, Jujur Dan Pekerja Keras, Berkomunikasi Dengan Baik, Berkomunikasi Dengan Baik",
,,,,,,,"Skills, Social Media Marketing, Social Media Admin, Social Media Strategy","Assist in end-to-end social media management including content ideation, post scheduling, and community engagement for daily content and campaigns., Build communication with followers by responding to comments and messages., Perform competitor/trend analysis to ensure we create content that is most relevant to our followers., Assist in tracking and analyzing social media performance metrics., Support other digital marketing activities as needed., Brainstorming campaign ideas., Current enrollment in a Bachelorâ€™s or Fresh graduate in Marketing, Communication, Advertising, Public RelationS, DKV, or a related field., Strong understanding of Gen Z audience., Social Media Marketing and Digital Marketing skills, Social Media Content Creation skills, Experience in Marketing and Communication, Excellent written and verbal communication skills in both Bahasa Indonesia and English, Have good knowledge of the latest marketing trends and happenings., Knowledge of current social media platforms and trends, Experience with photography, graphic design, and video production is a plus, Able to join ASAP and willing to do the WFO scheme."
,,,,,,,"Skills, Communication, Sales, B2b Sales","Mejalin hubungan dengan instansi, baik swasta maupun pemerintahan., Mendorong instansi yang sudah terjalin hubungan yang baik, agar melakukan penggunaan jasa servis kendaraan melalui perusahaan., Melakukan analisa pasar, sehingga memungkinkan terjalin relasi dengan instansi yang baru., Mengelola media sosial yang secara khusus difungsikan sebagai sarana komunikasi divisi aftersales., Wanita, Pendidikan minimal S1 semua jurusan, Pengalaman di bidang sales (lebih disukai B2B), Berpenampilan menarik, Memiliki SIM A"
,,,,,,,"Skills, Pastry Chef/baker, Jujur Dan Pekerja Keras, Baking And Pastry, Rajin, Rapi, Bertanggung jawab,",
,,,,,,,"Tingkatkan peluangmu menemukan pekerjaan baru. Kami akan melihat kesesuaian skill di profilmu dengan yang ada di deskripsi pekerjaan. Got It!, Tingkatkan peluangmu menemukan pekerjaan baru. Kami akan melihat kesesuaian skill di profilmu dengan yang ada di deskripsi pekerjaan. Got It!, Tingkatkan peluangmu menemukan pekerjaan baru. Kami akan melihat kesesuaian skill di profilmu dengan yang ada di deskripsi pekerjaan. Got It!, Skills, , Sales TargetsGood Communication SkillsSales Target Oriented, Sales Targets, Sales Targets, Good Communication Skills, Good Communication Skills, Sales Target Oriented, Sales Target Oriented",
,,,,,,,"Tingkatkan peluangmu menemukan pekerjaan baru. Kami akan melihat kesesuaian skill di profilmu dengan yang ada di deskripsi pekerjaan. Got It!, Tingkatkan peluangmu menemukan pekerjaan baru. Kami akan melihat kesesuaian skill di profilmu dengan yang ada di deskripsi pekerjaan. Got It!, Tingkatkan peluangmu menemukan pekerjaan baru. Kami akan melihat kesesuaian skill di profilmu dengan yang ada di deskripsi pekerjaan. Got It!, Skills, , DoctorAesthetic DoctorDoctor practitioner, Doctor, Doctor, Aesthetic Doctor, Aesthetic Doctor, Doctor practitioner, Doctor practitioner","Memberikan konsultasi kepada pasien yang datang, Merekomendasikan perawatan kecantikan dan meresepkan obat sesuai dengan kebutuhan/permasalahan pasien, Melakukan tindakan medis estetika sesuai SOP yang ditentukan, Membangun hubungan baik dengan semua pasien dan mitra kerja, Mempromosikan perawatan, fasilitas dan produk yang tersedia di klinik, Berusia maksimal 35 tahun, Pendidikan S1 Kedokteran, Memiliki sertifikasi dan pengalaman di bidang estetika menjadi nilai tambah, Terbuka untuk fresh graduate yang memiliki STR dan passion di bidang estetika, Berpenampilan rapi, Bersedia mengikuti training selama minimal 1 bulan, Bersedia bekerja di akhir pekan dan hari libur nasional, Bersedia ditempatkan di Kelapa Gading"
,,,,,,,"Tingkatkan peluangmu menemukan pekerjaan baru. Kami akan melihat kesesuaian skill di profilmu dengan yang ada di deskripsi pekerjaan. Got It!, Tingkatkan peluangmu menemukan pekerjaan baru. Kami akan melihat kesesuaian skill di profilmu dengan yang ada di deskripsi pekerjaan. Got It!, Tingkatkan peluangmu menemukan pekerjaan baru. Kami akan melihat kesesuaian skill di profilmu dengan yang ada di deskripsi pekerjaan. Got It!, Skills, , Memiliki Kemampuan Komunikasi Yang BaikBerpenampilan Menarikcekatan jujur disiplin dan loyal, Memiliki Kemampuan Komunikasi Yang Baik, Memiliki Kemampuan Komunikasi Yang Baik, Berpenampilan Menarik, Berpenampilan Menarik, cekatan jujur disiplin dan loyal, cekatan jujur disiplin dan loyal",
,,,,,,,"Tingkatkan peluangmu menemukan pekerjaan baru. Kami akan melihat kesesuaian skill di profilmu dengan yang ada di deskripsi pekerjaan. Got It!, Tingkatkan peluangmu menemukan pekerjaan baru. Kami akan melihat kesesuaian skill di profilmu dengan yang ada di deskripsi pekerjaan. Got It!, Tingkatkan peluangmu menemukan pekerjaan baru. Kami akan melihat kesesuaian skill di profilmu dengan yang ada di deskripsi pekerjaan. Got It!, Skills, , Berkomunikasi Dengan BaikPenerjemahanTranslator Mandarin, Berkomunikasi Dengan Baik, Berkomunikasi Dengan Baik, Penerjemahan, Penerjemahan, Translator Mandarin, Translator Mandarin",
