Company,Job_title,Location,Salary,Work Type,Skill,Job_Desc,Links
Yanoshi Omiyage,Sales Sosial Media,"Bekasi Selatan, Bekasi, Jawa Barat, Indonesia",Perusahaan tidak menampilkan gaji,Penuh Waktu,"Admin Sales Sosial Media, Social Media Management, Sales, Social Media Strategy","Mengelola aktifitas penjualan di platform media sosial (Instagram, Facebook, TikTok) dan e-commerce (Shopee, Tokopedia) untuk produk souvenir khas Jepang, Menangani pemesanan, pembayaran, dan pengiriman barang dengan efisien., Mengelola administrasi penjualan dan menyusun penjualan secara berkala., Membantu Merancang dan mengimplementasikan strategi pemasaran di media sosial",https://glints.com/id/opportunities/jobs/sales-sosial-media/57e869e1-62aa-4731-b0ec-8b986213ac79?utm_referrer=explore
VONA,E-Commerce Specialist,"Kelapa Dua, Tangerang, Banten, Indonesia",Rp5jt-Rp7jt,Penuh Waktu,"Microsoft Excel, everything related to marketing and branding of a product through a digital platform, E-commerce Platform","In charge of company accounts in e-commerce platforms (Shopee, Tokopedia, Lazada, etc)., Managing and maintaining company website, ensuring it functions smoothly, is user-friendly, and up-to-date., Creating and optimizing product listings, including product descriptions, images, and prices., Monitoring and controlling inventory levels to avoid overstock or stockouts., Executing digital marketing campaigns, including email marketing, social media marketing, and online advertising., Analyzing e-commerce data to measure performance, identify trends, and make data-driven decisions., Monitoring the e-commerce landscape and staying updated on industry trends and competitor activities., Evaluating sales performance and identifying areas for growth and optimization., Provide secretarial support for CEO office related matter and also business trip., Organizing appointments and agendas.",https://glints.com/id/opportunities/jobs/e-commerce-specialist/23923600-5368-46b0-983b-d663c03f797a?utm_referrer=explore
Pt Via Pulsa Global Indonesia,Finance Supervisor,"Kapanewon Ngaglik, Sleman, DI Yogyakarta, Indonesia",Perusahaan tidak menampilkan gaji,Penuh Waktu,,"Memastikan operasional perusahaan berjalan dengan baik melalui pengelolaan keuangan., Membuat time schedule pembayaran tagihan perusahaan., Membuat time schedule penagihan/pemotongan piutang karyawan., Mengelola kegiatan penerimaan dan pencatatan uang pembayaran dari pelanggan (sales) secara tertib dan akurat., Mengelola kegiatan pembayaran pada pelanggan (convert) agar pembayaran tepat waktu dan akurat., Mengelola kegiatan pencatatan semua transaksi keuangan secara akurat dan tepat waktu., Mengelola penggunaan dan pencatatan kas perusahaan secara cermat dan profesional., Mengelola kegiatan pembayaran aneka tagihan supplier dan melakukan pencatatannya secara cermat dan akurat., Mengelola kegiatan pembayaran gaji,  asuransi dan kebutuhan internal lainnya serta melakukan pencatatannya secara cermat dan akurat., Mengevaluasi hasil pelaksanaan rencana dan program., pengumpulan data untuk WRM.",https://glints.com/id/opportunities/jobs/finance-supervisor/ecca878f-4e6a-4b05-8cfd-391af8f76626?utm_referrer=explore
Ikonsultan Inovatama,Java Software Engineer,"Tanah Abang, Jakarta Pusat, DKI Jakarta, Indonesia",Rp10jt-Rp25jt,Kontrak,"Apache Kafka, Eureka, Spring Framework, Kubernetes & Docker, Microservice Architecture, DevOps, Ci/cd","Proficiency in Java programming., Strong knowledge of the Spring Framework, particularly Spring Boot for building microservices., Understand the principles and best practices of microservices architecture., Experience in designing and developing microservices., Be adept at creating RESTful APIs using Spring Boot., Familiarity with containerization technologies like Docker., Experience with container orchestration platforms such as Kubernetes., Knowledge of various database systems, both relational and NoSQL., Expertise in data modeling for microservices., Understanding of API gateways, Familiarity with service discovery tools like Eureka or Consul., Experience with message brokers like Apache Kafka or RabbitMQ., Knowledge of event-driven architecture patterns., Proficiency in securing microservices, including authentication and authorization., Knowledge of OAuth, JWT, and SSL/TLS., Experience with Continuous Integration and Continuous Deployment (CI/CD) pipelines., Familiarity with tools like Jenkins, Travis CI, or GitLab CI/CD., Unit testing, integration testing, and end-to-end testing using tools like JUnit and Postman., Basic knowledge of DevOps practices, including infrastructure as code (IaC)., Understanding of cloud platforms like AWS, Azure, or Google Cloud., Proficiency with monitoring tools like Prometheus, Grafana, or ELK stack (Elasticsearch, Logstash, Kibana)., Experience in application performance monitoring., Strong documentation skills for maintaining code and system documentation., Familiarity with version control systems like Git., Strong problem-solving skills., Good communication and collaboration skills for working in a team., An understanding of agile methodologies., Depending on the industry you work in, domain-specific knowledge can be crucial. For example, financial services, healthcare, e-commerce, etc., Knowledge of techniques for optimizing the performance and scalability of microservices., Implementing mechanisms to make microservices fault-tolerant and resilient., Keeping up-to-date with security best practices to protect microservices against vulnerabilities., The field of microservices is constantly evolving. A willingness to learn and adapt to new technologies and best practices is crucial.",https://glints.com/id/opportunities/jobs/java-software-engineer/57435a79-8b8f-4ea4-bad6-9a172578fb82?utm_referrer=explore
PT Istana Surya Perkasa,Sales Executive,"Sawahan, Surabaya, Jawa Timur, Indonesia",Perusahaan tidak menampilkan gaji,Penuh Waktu,"Sales and Marketing, B2b Sales, Retail Sales","Laki- Laki, maksimal 38 tahun, Pendidikan minimal SMA/SMK/D1 (Teknik Mesin diutamakan), Pengalaman minimal 2 tahun di bidang yang sama, Kemampuan komunikasi dan negosiasi yang baik, Memahami penjualan mesin, sparepart dan dinami, Pengetahuan tentang administrasi sales  teknologi informasi diperlukan, Bersedia dinas luar kota dan pulau, Diutamakan menguasai wilayah Indonesia Barat ( JABAR, DKI, BANTEN, & SUMATERA), Penempatan Surabaya",https://glints.com/id/opportunities/jobs/sales-executive/f142a78e-98ce-4e61-b418-e00c746bd662?utm_referrer=explore
PT. Eversaas Power Technology,Presales System Engineer,"Kebon Jeruk, Jakarta Barat, DKI Jakarta, Indonesia",Rp6jt-Rp10jt,Penuh Waktu,,"Pria Usia min. 25 tahun, Pendidikan min. D3 / S1 Jurusan Telekomunikasi atau Komputer, Pengalaman minimal 2 tahun sebagai sales IT, Komputer, Internet, telekomunikasi dan sejenisnya, (Diutamakan yang pernah bekerja di bidang ISP / ERP/ SOFTWARE/ security), Jujur, pekerja keras dan dapat bekerja sama dengan Team, Fasih dalam menggunakan Ms Office dan bidang IT, Memiliki kendaraan bermotor, Lokasi Penempatan di Jakarta Barat",https://glints.com/id/opportunities/jobs/presales-system-engineer/782b0292-4a8b-4eab-81a3-435c13cd85b4?utm_referrer=explore
Cuts and Beyond,Hair Stylist/Salon,"Cisauk, Tangerang, Banten, Indonesia","Rp2,8jt",Penuh Waktu,,,https://glints.com/id/opportunities/jobs/hair-stylist-salon/a042b65f-027d-4687-bd78-43ccc2089404?utm_referrer=explore
MII CMT Indonesia,Fashion Designer,"Karawaci, Tangerang, Banten, Indonesia",Perusahaan tidak menampilkan gaji,Penuh Waktu,,"Memiliki pengalaman sebagai Fashion Designer perusahaan garment, khususnya di garment ready to wear, mengerti alur proses produksi lebih disukai., Mampu mengoperasikan program komputer design seperti coreldraw, photoshop atau illustrator, bisa menggambar menggunakan pad / digital drawing., Update dengan trend lokal dan international dan mengerti cara mengaplikasikannya ke dalam produk., Terlibat dalam proses pembuatan prototipe, fitting sample, dan memastikan product ready to produce, Melakukan pre-costing, Memperhatikan detail dan kualitas, pastikan produk jadi memenuhi standar perusahaan, Mengerti basic jahit dan pembuatan pola pakaian akan diutamakan",https://glints.com/id/opportunities/jobs/fashion-designer/ec2194be-7f91-4d43-ab5f-2ca4c4b920e7?utm_referrer=explore
Oakberry Indonesia,Açaí Bowl Maker and Customer Service,"Kuta, Badung, Bali, Indonesia","Rp3,5jt-Rp4,5jt",Penuh Waktu,,,https://glints.com/id/opportunities/jobs/acai-bowl-maker-and-customer-service/61155f10-a046-4362-8764-835dc64c5171?utm_referrer=explore
Indonesia Global Solusindo,RPA Software Developer (UIPATH),"Grogol Petamburan, Jakarta Barat, DKI Jakarta, Indonesia",Perusahaan tidak menampilkan gaji,Penuh Waktu,"Robotic Process Automation Developer, RPA Uipath, Software Development",,https://glints.com/id/opportunities/jobs/rpa-software-developer-uipath/02e00d3f-9354-44ae-ab83-c14924ef3419?utm_referrer=explore
Sasmita Property,Sales Executive Property,"Bogor Barat, Bogor, Jawa Barat, Indonesia",Perusahaan tidak menampilkan gaji,Kontrak,,,https://glints.com/id/opportunities/jobs/sales-executive-property/3ee9d842-c525-4b72-b314-45c3b5163247?utm_referrer=explore
PT. TREASURE SHIP INDONESIA,Editor Video & Film,"Kemayoran, Jakarta Pusat, DKI Jakarta, Indonesia",Rp100rb-Rp3jt,Paruh Waktu,"Photo & Video Editing, Video Editor, Video Editing, Adobe After Effects, Adobe Premiere Pro",,https://glints.com/id/opportunities/jobs/editor-video-and-film/b56b9293-247a-4a6a-a5ed-43d22a4a42a2?utm_referrer=explore
PT. KREASI PEMUDA BANGSA (AKSEL),Sales Online [Heater Water Company],"Penjaringan, Jakarta Utara, DKI Jakarta, Indonesia",Perusahaan tidak menampilkan gaji,Penuh Waktu,"Sales Management, Sales, Admin Sales E-Commerce","Umur Max 35 Tahun, Pendidikan min SMA/SMK Sederajat, Berpengalaman min 1 Tahun menjadi Sales Online atau Digital Marketing E-Commerce dan Sales Retail, Paham strategi marketing di E-commerce atau platform online lainnya, Menguasai ads marketplace dan media sosial, Teliti, mempunyai kemampuan berkomunikasi yang baik dan Analysis Thinking yang bagus, Kreatif dan Fast Response, Target Oriented, Self Motivated and Hard Worker, Terbiasa bekerja dengan target penjualan, time management yang baik dan loyal, Terbiasa bekerja dengan deadline, dan mempunyai problem solving yang baik, Mampu bekerjasama secara individu maupun tim",https://glints.com/id/opportunities/jobs/sales-online-heater-water-company/0d6e586b-308e-4b0b-a93b-17ce81d92e63?utm_referrer=explore
PT Perisai Cakrawala Indonesia (OmKirim),Kurir - Jagakarsa,"Jagakarsa, Jakarta Selatan, DKI Jakarta, Indonesia",Perusahaan tidak menampilkan gaji,Penuh Waktu,"Bertanggung Jawab, Disiplin, Kurir","Diutamakan berdomisili di area tersebut, Pernah bekerja sebagai Kurir dan Ojek Online Usia 18-40 tahun, Memiliki Motor & SIM C aktif, Memiliki HP Android, Bertanggung jawab, Pekerja keras",https://glints.com/id/opportunities/jobs/kurir-jagakarsa/ea46553e-e9db-417b-9c19-cbe860e893fc?utm_referrer=explore
PT Perisai Cakrawala Indonesia (OmKirim),Kurir - Pejaten Timur,"Mampang Prapatan, Jakarta Selatan, DKI Jakarta, Indonesia",Perusahaan tidak menampilkan gaji,Penuh Waktu,"Bertanggung Jawab, Jujur Dan Pekerja Keras, Kurir","Diutamakan berdomisili di area Pejaten Timur, Pernah bekerja sebagai Kurir dan Ojek Online Usia 18-40 tahun, Memiliki Motor & SIM C aktif, Memiliki HP Android, Bertanggung jawab, Pekerja keras",https://glints.com/id/opportunities/jobs/kurir-pejaten-timur/a3185ed5-4bf8-477e-955a-6e71a9bc26cb?utm_referrer=explore
PT Perisai Cakrawala Indonesia (OmKirim),Kurir - Pejaten Barat,"Mampang Prapatan, Jakarta Selatan, DKI Jakarta, Indonesia",Perusahaan tidak menampilkan gaji,Penuh Waktu,"Bertanggung Jawab, Kurir, Pekerja Keras","Diutamakan berdomisili di area Pejaten Barat, Pernah bekerja sebagai Kurir dan Ojek Online Usia 18-40 tahun, Memiliki Motor & SIM C aktif, Memiliki HP Android, Bertanggung jawab, Pekerja keras",https://glints.com/id/opportunities/jobs/kurir-pejaten-barat/b28fb70d-d368-4f0b-bf47-498adf9e0561?utm_referrer=explore
PT Panca Makmur Baru,Sopir logistic dan kurir,"Cakung, Jakarta Timur, DKI Jakarta, Indonesia",Rp3jt,Kontrak,,"Mengemudikan kendaraan dengan aman dan bertanggung jawab., Mengantarkan barang atau karyawan ke tujuan sesuai dengan rute yang ditentukan., Memastikan kondisi kendaraan dalam keadaan baik dan melakukan perawatan rutin., Mematuhi peraturan lalu lintas dan menjaga keamanan selama perjalanan.",https://glints.com/id/opportunities/jobs/sopir-logistic-dan-kurir/f68dfdd5-949b-4dac-b678-c0356ff2e2ac?utm_referrer=explore
Pt. Trawlbens Teknologi Anak Indonesia,Resepsionis Internship,"Tebet, Jakarta Selatan, DKI Jakarta, Indonesia",Rp800rb-Rp2jt,Magang,"Fast Learner, Memiliki Kemampuan Komunikasi Yang Baik, Good Attitude",,https://glints.com/id/opportunities/jobs/resepsionis-internship/62648b67-11ac-40c5-a52a-c4e20c35fda1?utm_referrer=explore
Lpk Wiwitan Baru,Pengajar Bahasa Jepang Wilayah Bali,"Kuta Selatan, Badung, Bali, Indonesia","Rp4,3jt-Rp5,1jt",Penuh Waktu,,,https://glints.com/id/opportunities/jobs/pengajar-bahasa-jepang-wilayah-bali/30e7d75f-1af2-4a89-bd06-da33cdea447a?utm_referrer=explore
PT. Padma Raharja Sentosa,Sales Marketing KPR,"Larangan, Tangerang, Banten, Indonesia",Rp2jt-Rp4jt,Penuh Waktu,,"Membuat Strategi Promosi yang Menarik, Memasarkan Produk dengan Baik, Menjalin Hubungan Baik dengan Nasabah, Developer & Property Agent., Lokasi Penempatan: Tangerang (Alam Sutera).",https://glints.com/id/opportunities/jobs/sales-marketing-kpr/b388f60a-6248-421a-8c00-afd220ba0759?utm_referrer=explore
Jogja Tama,Copywriter,"Kapanewon Mlati, Sleman, DI Yogyakarta, Indonesia",Perusahaan tidak menampilkan gaji,Penuh Waktu,"Insight, Article Writing, Copywriting","Maks umur 30 tahun, Minimal pendidikan diploma, Memiliki laptop pribadi, Menguasai Ms. Office, Familiar dalam penulisan caption atau artikel, Memahami SEO development, Update terkait pengembangan dan memahami insight sosial media (instagram, tiktok, facebook, dll), Melakukan penjadwalan konten menggunakan tools, Melakukan analisa dan mencatat engagement setiap konten yang telah diposting, Memiliki pengalaman lebih disukai, Mampu bekerja dalam tim dan komunikatif, Berdomisili dan memiliki KTP DIY (lebih diutamakan)",https://glints.com/id/opportunities/jobs/copywriter/47d09582-53d4-4617-82cc-67e9f3ab6613?utm_referrer=explore
RADIANCE ASAHI MAS,Content Creator Kecantikkan,"Kalideres, Jakarta Barat, DKI Jakarta, Indonesia",Rp3jt-Rp7jt,Penuh Waktu,,,https://glints.com/id/opportunities/jobs/content-creator-kecantikkan/9ad3aa30-51cf-4c59-a559-8a26632353cf?utm_referrer=explore
PT Lionel Jaya Logistic,Content Creator (Host & Talent),"Benda, Tangerang, Banten, Indonesia","Rp5jt-Rp6,5jt",Penuh Waktu,,"Wanita, usia maksimal 27 tahun, Pendidikan min SMA / Sederajat, Tinggi badan min 160 cm / BB ideal, Aktif di media sosial (IG, Tiktok), Memiliki pengalaman sebagai host / content creator, Memiliki komunikasi yang baik & percaya diri, Berani berpenampilan menarik, Mampu mengoperasikan software / aplikasi editing foto & video",https://glints.com/id/opportunities/jobs/content-creator-host-and-talent/8e657dc3-cc31-459d-af01-bb946dcfdae5?utm_referrer=explore
Bikinidcard,SEO WEBSITE (Kusus Domisili Jogja Bantul ),"Kapanewon Sewon, Bantul, DI Yogyakarta, Indonesia","Rp1,8jt-Rp2jt",Penuh Waktu,"Search Engine Optimization (SEO), SEO, Seo On Page, Seo Marketing","Mengoptimasi ranking SEO website, Optimasi On dan Off Page, Riset keyword, Backlink, Bikin artikel",https://glints.com/id/opportunities/jobs/seo-website-kusus-domisili-jogja-bantul/69f6e989-99d5-4c8b-b4ab-950697e595de?utm_referrer=explore
Pt Pohon Mas Sejahtera,IT Support,"Cakung, Jakarta Timur, DKI Jakarta, Indonesia","Rp3,5jt-Rp5jt",Penuh Waktu,"CONTENT MEDIA SOCIAL SPECIALIST, Software Engineering, Hardware Troubleshooting",,https://glints.com/id/opportunities/jobs/it-support/3ebcbf63-e1a9-40b6-b548-969fca4a32d2?utm_referrer=explore
PT Amanah Amarta,Management Trainee,"Rungkut, Surabaya, Jawa Timur, Indonesia","Rp3,3jt-Rp4,5jt",Penuh Waktu,"Mechanical Engineering, Electrical Engineering, Fresh Graduate","Pendidikan min. D3 Teknik Mesin/Teknik Elektro, Terbuka untuk Fresh Graduate, Memiliki kemampuan analitis yang kuat, pemecahan masalah, memiliki jiwa kepemimpinan & kemampuan komunikasi baik, Memiliki pengalaman aktif dalam kegiatan organisasi lebih disukai, Siap ditugaskan di Surabaya",https://glints.com/id/opportunities/jobs/management-trainee/e9a1d302-e9ea-4288-9302-b6c2364f783e?utm_referrer=explore
PT Cyber Futures Jakarta,Manager,"Kebayoran Baru, Jakarta Selatan, DKI Jakarta, Indonesia",Rp6jt-Rp10jt,Penuh Waktu,,"Melakukan perencanaan, pengembangan, implementasi, dan pelaksanaan rencana pemasaran strategis, Memimpin tim Telemarketing dan Business Consultant, Mengidentifikasi masalah yang dihadapi Nasabah dan mencari peluang, Ikut Andil Membantu merekrut team Telemarketing dan Business Consultant, Menjaga hubungan baik dengan nasabah",https://glints.com/id/opportunities/jobs/manager/13ea51d8-aef4-42bd-ac0a-674efeb211ea?utm_referrer=explore
MICPURA PRINTING,ADMIN DESIGN PERCETAKAN,"Pondok Gede, Bekasi, Jawa Barat, Indonesia","Rp2,3jt-Rp3,5jt",Penuh Waktu,,"LAKI - LAKI, Lulusan SMA/SMK/Sederajat, Maks. 27 Tahun, Belum Menikah ( Syarat Utama ), Sehat Jasmani & Rohani",https://glints.com/id/opportunities/jobs/admin-design-percetakan/fd3f6329-5de2-4ad1-bdf3-2601ff8a14eb?utm_referrer=explore
PT VPlus Platinum 8 Indonesia,Business Development,"Setiabudi, Jakarta Selatan, DKI Jakarta, Indonesia",Perusahaan tidak menampilkan gaji,Penuh Waktu,,,https://glints.com/id/opportunities/jobs/business-development/e764cc06-5ff5-424c-8a24-ec4215acf99a?utm_referrer=explore
PT INTI SURYA LABORATORIUM,Laboran,"Cisauk, Tangerang, Banten, Indonesia",Perusahaan tidak menampilkan gaji,Penuh Waktu,,"Mempersiapkan alat laboratorium, Membersihkan alat laboratorium, Menjaga kebersihan di laboratorium",https://glints.com/id/opportunities/jobs/laboran/598a63b2-53e9-438d-b25d-31fb8d02849f?utm_referrer=explore
PT INTI SURYA LABORATORIUM,Sampler,"Cisauk, Tangerang, Banten, Indonesia","Rp2,5jt",Penuh Waktu,,,https://glints.com/id/opportunities/jobs/sampler/2cac6fdd-83a7-46cc-9a5e-6e9602023788?utm_referrer=explore
PT INTI SURYA LABORATORIUM,Sales,"Cisauk, Tangerang, Banten, Indonesia",Perusahaan tidak menampilkan gaji,Penuh Waktu,,,https://glints.com/id/opportunities/jobs/sales/2f5c602e-16cf-4324-90f7-9d5423850139?utm_referrer=explore
Harian Disway,Marketing Executive and Event,"Sukolilo, Surabaya, Jawa Timur, Indonesia",Perusahaan tidak menampilkan gaji,Penuh Waktu,,,https://glints.com/id/opportunities/jobs/marketing-executive-and-event/717831a0-1661-4a15-ada7-cbdbc27f88bf?utm_referrer=explore
Penta Natural Kosmetindo,Intern E - Commerce,"Penjaringan, Jakarta Utara, DKI Jakarta, Indonesia",Perusahaan tidak menampilkan gaji,Magang,,,https://glints.com/id/opportunities/jobs/intern-e-commerce/b40c4fa4-96a1-4373-8fdd-8e95d5cbb72b?utm_referrer=explore
Una Brands,Digital Ads Intern,"Cipayung, Jakarta Timur, DKI Jakarta, Indonesia",Perusahaan tidak menampilkan gaji,Magang,,"Mengidentifikasi masalah atau peluang yang bisa diselesaikan menggunakan digital ads, Menganalisa performa ad campaign sebelumnya dan memberikan saran untuk keputusan action plan berdasarkan data, Membantu merencanakan ad campaign di Facebook Ads dan TikTok Ads secara detail mulai dari konsep, ad copy, ad creative, measurement plan, dan KPI, Menyiapkan brief iklan untuk creative design agar produksi iklan berjalan sesuai rencana konsep dan timeline, Bereksperimen dengan kreatif, targeting, platform, placement, copywriting, topik baru dengan melakukan A/B testing dalam rangka mengoptimasi kampanye",https://glints.com/id/opportunities/jobs/digital-ads-intern/0071eeac-889f-4b7f-8451-096b9973f78e?utm_referrer=explore
PT. Cipta Krida Bahari,Health Safety Environment (HSE Internship),"Cilandak, Jakarta Selatan, DKI Jakarta, Indonesia",Perusahaan tidak menampilkan gaji,Magang,"Microsoft Excel, Microsoft Visio, Communication",,https://glints.com/id/opportunities/jobs/health-safety-environment-hse-internship/425065b8-f46c-409e-bf73-27b11682f2cc?utm_referrer=explore
Persekutuan Prime Consult,Junior Tax Consultant,"Setiabudi, Jakarta Selatan, DKI Jakarta, Indonesia",Perusahaan tidak menampilkan gaji,Penuh Waktu,,"As a Junior Tax Consultant you will have a chance to learn about taxation in Indonesia and learn as you do it on the job., Manage the tasks given with guidance from the seniors and supervisors.",https://glints.com/id/opportunities/jobs/junior-tax-consultant/5a3a3132-af42-46de-b436-b9698f751d4a?utm_referrer=explore
Amazink People Group,Teknisi Printer,"Mantrijeron, Yogyakarta, DI Yogyakarta, Indonesia",Perusahaan tidak menampilkan gaji,Penuh Waktu,"Good Communication, Teamwork, Teknisi, Pengoperasian Printer",,https://glints.com/id/opportunities/jobs/teknisi-printer/c07f9859-1389-4dbb-a4ec-3269bfce66a1?utm_referrer=explore
PT. Artha Kreasi Utama,KURIR RIDER dan DRIVER SUKABUMI,"Parung Kuda, Sukabumi, Jawa Barat, Indonesia",Rp100rb-Rp105rb,Penuh Waktu,,,https://glints.com/id/opportunities/jobs/kurir-rider-dan-driver-sukabumi/9a5d1725-1344-45a4-a514-1d4404e2598d?utm_referrer=explore
PT YAIJ Solusi Internasional,Admin Admission,"Jagakarsa, Jakarta Selatan, DKI Jakarta, Indonesia",Perusahaan tidak menampilkan gaji,Penuh Waktu,,,https://glints.com/id/opportunities/jobs/admin-admission/963c8bef-66a1-4b0c-a092-ba5d52eb5821?utm_referrer=explore
PT. Artha Kreasi Utama,KURIR RIDER dan DRIVER KARAWANG,"Talagasari, Karawang, Jawa Barat, Indonesia",Rp100rb-Rp105rb,Penuh Waktu,"Memiliki Sim A Dan Sim C, Punya Kendaraan Pribadi, KTP",,https://glints.com/id/opportunities/jobs/kurir-rider-dan-driver-karawang/94054b9e-dea9-45b7-ba5d-a1db6da6dfe8?utm_referrer=explore
Jala Tech,Finance Intern,"Kapanewon Depok, Sleman, DI Yogyakarta, Indonesia","Rp1,2jt-Rp1,3jt",Magang,,"Checking payment submission and settlement, Transaction recording input, Assist in AR reminders & create receivable notification letters, Assist with document archiving",https://glints.com/id/opportunities/jobs/finance-intern/f497fecd-3837-4c4d-9b9b-4bed7676cd70?utm_referrer=explore
Georgios Women,Host Live,"Denpasar Barat, Denpasar, Bali, Indonesia",Perusahaan tidak menampilkan gaji,Penuh Waktu,"Marketing, Social Media Marketing, Sales",,https://glints.com/id/opportunities/jobs/host-live/91055bd4-71da-4a51-ba8d-355898bd8788?utm_referrer=explore
Georgios Women,Admin Produksi,"Denpasar Barat, Denpasar, Bali, Indonesia",Perusahaan tidak menampilkan gaji,Penuh Waktu,,,https://glints.com/id/opportunities/jobs/admin-produksi/f86cc78e-836d-49c5-b546-6e818b4b5c02?utm_referrer=explore
SOZO Skin Clinic / PT Pohon Biru Jaya,SOZO - Beauty Consultant (Cibubur),"Bogor Timur, Bogor, Jawa Barat, Indonesia","Rp2,8jt-Rp3,2jt",Penuh Waktu,"Upselling, Memiliki Kemampuan Komunikasi Yang Baik, Adaptability, Solution Selling","Wanita Pendidikan min SMA/Sederajat, Berpengalaman min 1 tahun dibidang sales/frontliner, Memiliki integritas yang tinggi, Memiliki skill komunikasi yang baik, Bersedia penempatan JABODETABEK, Medan, Makassar, Bandung, Surabaya, Semarang",https://glints.com/id/opportunities/jobs/sozo-beauty-consultant-cibubur/f8c2cafc-3352-49ae-b180-368d91529473?utm_referrer=explore
PT Simantep Digital Grup,Advertiser,"Cimanggis, Depok, Jawa Barat, Indonesia",Rp2jt-Rp4jt,Kontrak,,"Melakukan pengiklanan pada FB Ads, Instagram Ads, Tiktok Ads, Google Ads dan digital Ads lainnya",https://glints.com/id/opportunities/jobs/advertiser/4c7b7120-fe4b-46fa-8013-3c43bd4ce1bc?utm_referrer=explore
kekeb restaurant,Staff Admin,"Kuta, Badung, Bali, Indonesia",Perusahaan tidak menampilkan gaji,Penuh Waktu,,"Wanita, Fresh graduated, Bisa bahasa inggris, Pengalaman tidak diutamakan",https://glints.com/id/opportunities/jobs/staff-admin/788c108e-7046-4b8c-8148-9efc5425c53e?utm_referrer=explore
PT Makna Media Kreatif,Public Relation Assistant,"Bogor Utara, Bogor, Jawa Barat, Indonesia",Perusahaan tidak menampilkan gaji,Penuh Waktu,,,https://glints.com/id/opportunities/jobs/public-relation-assistant/c8a0522a-20d4-4451-8d33-545104a07849?utm_referrer=explore
Harris Hotel Kuta Galleria Bali,F&B Product,"Kuta, Badung, Bali, Indonesia",Perusahaan tidak menampilkan gaji,Magang,"Good Attitude, Good Teamwork, Experience FnB",,https://glints.com/id/opportunities/jobs/f-and-b-product/e2124a91-ed3a-4b6a-b29d-c399667a3607?utm_referrer=explore
Harris Hotel Kuta Galleria Bali,F&B Service (Trainee),"Kuta, Badung, Bali, Indonesia",Perusahaan tidak menampilkan gaji,Magang,,,https://glints.com/id/opportunities/jobs/f-and-b-service-trainee/b9c62c20-b387-41d0-acef-71d861984dc0?utm_referrer=explore
Harris Hotel Kuta Galleria Bali,Housekeeping (Trainee),"Kuta, Badung, Bali, Indonesia",Perusahaan tidak menampilkan gaji,Penuh Waktu,"Housekeeping, Good Attitude, Good Teamwork",,https://glints.com/id/opportunities/jobs/housekeeping-trainee/efd4f782-27c5-4f18-aaf4-12367913c740?utm_referrer=explore
Mitracomm Ekasarana (Head Office Jakarta),Direct Sales Agent,"Pasar Minggu, Jakarta Selatan, DKI Jakarta, Indonesia",Perusahaan tidak menampilkan gaji,Penuh Waktu,"Berkomunikasi Dengan Baik, Sales, Sales Marketing","Pria/Wanita, Pendidikan SMA, Usia maksimal 35 tahun, Memiliki pengalaman sales/marketing, Memiliki kendaraan motor dan SIM C aktif, Memiliki kemampuan komunikasi dan negoisasi, Menyukai pekerjaan lapangan dan target",https://glints.com/id/opportunities/jobs/direct-sales-agent/fa564bf3-fa75-4937-b923-ccda2d6a89dd?utm_referrer=explore
PT. Koding Next Indonesia,Teacher Assistant Intern (Paid),"Bogor Barat, Bogor, Jawa Barat, Indonesia","Rp1,5jt-Rp2jt",Magang,,"Last year student (with no classes to attend) or Fresh Graduate in Education/Math/Physics/Computer Science/Informatics Engineering/IT related field, Fluent in English (speaking, writing, reading, listening), Have experience in teaching especially kids, Up-to-date with technology development, Team player, fast learner, Trustworthy person with good ethical judgment, Readiness to work in Curugmekar, Bogor",https://glints.com/id/opportunities/jobs/teacher-assistant-intern-paid/c74cb832-4c15-4b98-9ee9-9b71786dcb36?utm_referrer=explore
Easy and Fun English (EFE),ENGLISH PART -TIME TEACHER,"Kebayoran Baru, Jakarta Selatan, DKI Jakarta, Indonesia",Perusahaan tidak menampilkan gaji,Paruh Waktu,,,https://glints.com/id/opportunities/jobs/english-part-time-teacher/4149f9c9-2f3f-45d3-ad31-06578415a557?utm_referrer=explore
Shizu Tea (PT ESTU SAE GROUP),Staff Gudang,"Beji, Depok, Jawa Barat, Indonesia",Perusahaan tidak menampilkan gaji,Penuh Waktu,"Staff Gudang, Operator gudang, Manajemen gudang, Administration",,https://glints.com/id/opportunities/jobs/staff-gudang/17294b13-61ad-4e39-a05c-e355ef717f97?utm_referrer=explore
Pt Fortress Data Services,Support Data Center,"Pagedangan, Tangerang, Banten, Indonesia",Perusahaan tidak menampilkan gaji,Penuh Waktu,,,https://glints.com/id/opportunities/jobs/support-data-center/d7b973aa-e7b2-4fca-a91c-eb7270ebea8a?utm_referrer=explore
Desa Visesa Ubud,Housekeeping Trainee,"Ubud, Gianyar, Bali, Indonesia",Perusahaan tidak menampilkan gaji,Magang,"Housekeeping, Good Attitude, Good Teamwork",,https://glints.com/id/opportunities/jobs/housekeeping-trainee/2f1e216d-d41d-4cdd-a2c5-94d5e67fdb3b?utm_referrer=explore
Desa Visesa Ubud,Front Office Trainee,"Ubud, Gianyar, Bali, Indonesia",Perusahaan tidak menampilkan gaji,Magang,,,https://glints.com/id/opportunities/jobs/front-office-trainee/4d6dbed1-22cb-4b00-828d-a15d0f78893a?utm_referrer=explore
Desa Visesa Ubud,F&B Product Trainee,"Ubud, Gianyar, Bali, Indonesia",Perusahaan tidak menampilkan gaji,Magang,,,https://glints.com/id/opportunities/jobs/f-and-b-product-trainee/c581ea32-b6c2-4078-9d88-375d1f3fc57e?utm_referrer=explore
Desa Visesa Ubud,F&B Service Trainee,"Ubud, Gianyar, Bali, Indonesia",Perusahaan tidak menampilkan gaji,Magang,,,https://glints.com/id/opportunities/jobs/f-and-b-service-trainee/4be9b152-af16-48e1-bd75-ee43a2aa664a?utm_referrer=explore
PT Perisai Cakrawala Indonesia (OmKirim),Kurir - Jagakarsa,"Jagakarsa, Jakarta Selatan, DKI Jakarta, Indonesia",Perusahaan tidak menampilkan gaji,Penuh Waktu,"Bertanggung Jawab, Disiplin, Kurir","Diutamakan berdomisili di area tersebut, Pernah bekerja sebagai Kurir dan Ojek Online Usia 18-40 tahun, Memiliki Motor & SIM C aktif, Memiliki HP Android, Bertanggung jawab, Pekerja keras",https://glints.com/id/opportunities/jobs/kurir-jagakarsa/ea46553e-e9db-417b-9c19-cbe860e893fc?utm_referrer=explore
PT Perisai Cakrawala Indonesia (OmKirim),Kurir - Pejaten Timur,"Mampang Prapatan, Jakarta Selatan, DKI Jakarta, Indonesia","Rp4,8jt-Rp5jt",Penuh Waktu,"Bertanggung Jawab, Jujur Dan Pekerja Keras, Kurir","Diutamakan berdomisili di area Pejaten Timur, Pernah bekerja sebagai Kurir dan Ojek Online Usia 18-40 tahun, Memiliki Motor & SIM C aktif, Memiliki HP Android, Bertanggung jawab, Pekerja keras",https://glints.com/id/opportunities/jobs/kurir-pejaten-timur/a3185ed5-4bf8-477e-955a-6e71a9bc26cb?utm_referrer=explore
PT Perisai Cakrawala Indonesia (OmKirim),Kurir - Pejaten Barat,"Mampang Prapatan, Jakarta Selatan, DKI Jakarta, Indonesia",Perusahaan tidak menampilkan gaji,Penuh Waktu,"Bertanggung Jawab, Kurir, Pekerja Keras","Diutamakan berdomisili di area Pejaten Barat, Pernah bekerja sebagai Kurir dan Ojek Online Usia 18-40 tahun, Memiliki Motor & SIM C aktif, Memiliki HP Android, Bertanggung jawab, Pekerja keras",https://glints.com/id/opportunities/jobs/kurir-pejaten-barat/b28fb70d-d368-4f0b-bf47-498adf9e0561?utm_referrer=explore
PT Gistex,Content Creator,"Margaasih, Kab. Bandung, Jawa Barat, Indonesia",Perusahaan tidak menampilkan gaji,Penuh Waktu,,"Bachelor's degree in Visual Arts, Multimedia, Communications, Marketing, or a related field (or equivalent experience)., Proven experience as a content creator, demonstrating a strong portfolio of multimedia content across various platforms., Proficiency in multimedia software tools, including video editing, graphic design, and animation software., Excellent storytelling skills with the ability to convey messages creatively and effectively., Familiarity with social media platforms, trends, and best practices., Basic understanding of content marketing and audience engagement strategies., Attention to detail and ability to maintain brand consistency., Adaptability to evolving technologies and content formats., Strong project management skills to meet deadlines and handle multiple projects simultaneously., Strong communication skills and the ability to collaborate within a team.",https://glints.com/id/opportunities/jobs/content-creator/af1876f9-e076-4c3c-8b64-0c9dacc81053?utm_referrer=explore
Pensieve,Tech Analyst Intern,"Kebayoran Baru, Jakarta Selatan, DKI Jakarta, Indonesia",Perusahaan tidak menampilkan gaji,Magang,"Operations Management, Analytical Skills, Software Development","You will learn how to learn from scratch, You will learn how to be organized and how to manage your time, You will learn in depth analysis and structured thinking, problem solving frameworks, You will learn leadership, influencing skills and team management, Technology fundamentals, how to actually apply them in real life including distributed computing, big data, iterative learning models, like AI LLM’s., Software engineering back-to-basics, first principles.  How to implement clean code and write code, tools to help you write code",https://glints.com/id/opportunities/jobs/tech-analyst-intern/24399cc3-38d5-4a1d-8d33-7c3170311e53?utm_referrer=explore
Pt.  Asuransi Raksa Pratikara,Management Associate Program,"Gambir, Jakarta Pusat, DKI Jakarta, Indonesia","Rp5,9jt-Rp6,8jt",Penuh Waktu,,"Bachelor Degree minimal GPA 3.00, Fresh graduate from any major, Maximum 23 years old, Have a good communication & interpersonal skills, Fluent in English & Computer Literate (Microsoft Office), Willing to be placed anywhere in Indonesia",https://glints.com/id/opportunities/jobs/management-associate-program/cf12efce-4c40-40d3-b470-3c0f9b085f7f?utm_referrer=explore
PT Smoot Motor Indonesia,Content Creator,"Kebon Jeruk, Jakarta Barat, DKI Jakarta, Indonesia",Perusahaan tidak menampilkan gaji,Kontrak,"Marketing Communications, Content Creation, Content Strategy","Develop and create engaging social media content that aligns with the brand's voice and style, Research and stay up-to-date on social media trends and best practices, Monitor social media analytics and engagement, Collaborate with the marketing team to develop and execute social media campaigns",https://glints.com/id/opportunities/jobs/content-creator/ae72129f-e32e-4487-bf22-d2c28f9d34c0?utm_referrer=explore
PT Inti Nya Teknologi,Teknisi Ritel,"Kelapa Gading, Jakarta Utara, DKI Jakarta, Indonesia",Rp5jt-Rp6jt,Penuh Waktu,,"Memperbaiki produk elektronik perusahaan, Memasang produk elektronik perusahaan, Memperbaiki produk elektronik customer yang rusak, Mampu menjelaskan bagaimana cara memperbaiki dan penyebab rusaknya barang elektronik",https://glints.com/id/opportunities/jobs/teknisi-ritel/5a77c8e2-ded6-40d3-848b-5c2c08c29e6e?utm_referrer=explore
PT.Bluebird Group,Sopir Taxi,"Ciracas, Jakarta Timur, DKI Jakarta, Indonesia",Rp4jt-Rp7jt,Penuh Waktu,,,https://glints.com/id/opportunities/jobs/sopir-taxi/93b2c32b-8b52-435b-8b71-cabaee1bd02d?utm_referrer=explore
CV Mitra Adhiska Grup,Driver,"Tabanan, Kab. Tabanan, Bali, Indonesia",Perusahaan tidak menampilkan gaji,Penuh Waktu,,"Mengemudikan kendaraan dengan aman dan bertanggung jawab., Pria / Wanita, Maksimal umur 45 tahun, Pendidikan dan pengalaman tidak diutamakan",https://glints.com/id/opportunities/jobs/driver/7ec578d8-d49c-457d-b33e-bc09f0552c0d?utm_referrer=explore
Lpk Wiwitan Baru,Pengajar Bahasa Jepang Wilayah Bali,"Kuta Selatan, Kab. Badung, Bali, Indonesia","Rp4,3jt-Rp5,1jt",Penuh Waktu,"Japanese Language, Japanese Language N3, Good Communication Skills, Good Teaching Skill, Innovative And Creative",,https://glints.com/id/opportunities/jobs/pengajar-bahasa-jepang-wilayah-bali/30e7d75f-1af2-4a89-bd06-da33cdea447a?utm_referrer=explore
PT. Naturelle Inti Global,Sales Executive,"Cengkareng, Jakarta Barat, DKI Jakarta, Indonesia",Perusahaan tidak menampilkan gaji,Penuh Waktu,,"Memiliki pendidikan minimal SMA/SMK/Sederajat, Memiliki keterampilan komunikasi, pekerja keras, jujur, dan bertanggung jawab, Target oriented dan berpenampilan menarik, Mampu mengendarai motor atau mobil, Lebih disukai jika memiliki pengalaman dalam bidang penjualan, Bersedia penempatan di Rawa Buaya, Cengkareng, Jakarta Barat",https://glints.com/id/opportunities/jobs/sales-executive/fc95c802-2b11-4ae0-b4c2-a6299f72d60a?utm_referrer=explore
Airpaz.com,Frontend Engineer Mobile,"Penjaringan, Jakarta Utara, DKI Jakarta, Indonesia",Rp10jt-Rp17jt,Penuh Waktu,,,https://glints.com/id/opportunities/jobs/frontend-engineer-mobile/5dd1c82d-1de2-4457-ba49-0372285090f8?utm_referrer=explore
PT. Bluebird Pool Garuda,Sopir Taxi,"Kebayoran Lama, Jakarta Selatan, DKI Jakarta, Indonesia",Rp4jt-Rp6jt,Penuh Waktu,,,https://glints.com/id/opportunities/jobs/sopir-taxi/625399f7-d1d0-454f-aecd-d46eaf9797ed?utm_referrer=explore
PT. MIC TRANSFORMER,Health Beauty Advisor,"Kelapa Gading, Jakarta Utara, DKI Jakarta, Indonesia",Rp4jt-Rp6jt,Penuh Waktu,"Siap bekerja dibawah tekanan, Target Oriented, Proactive And Fast Learner, Marketing, Cepat Belajar Dan Mampu Menyesuaikan Diri Dengan Baik, Memiliki Kemampuan Komunikasi Yang Baik, Energetic, Aktif Dan Inisiatif, Siap Bekerja Dengan Target, cekatan jujur disiplin dan loyal, Ceria, energic dan positive","Menyampaikan informasi detail terkait tata cara penggunaan & kandungan dalam produk, Meningkatkan Pengetahuan, keterampilan dan pelayanan produk untuk mencapai Target penjualan, Menjaga hubungan jangka panjang & melayani kebutuhan Pelanggan atau Calon Center/ Partner, Mencari calon Center/ Partner untuk menjalin kerjasama, Melakukan kegiatan Promosi & Penjualan Produk",https://glints.com/id/opportunities/jobs/health-beauty-advisor/ea42cd29-822e-42a3-862b-94dd363a671b?utm_referrer=explore
KJPP Herman Meirizki dan Rekan,Asisten Penilai Bisnis (Internship),"Jagakarsa, Jakarta Selatan, DKI Jakarta, Indonesia",Perusahaan tidak menampilkan gaji,Magang,"Bisnis, Asistent, Microsoft Office",,https://glints.com/id/opportunities/jobs/asisten-penilai-bisnis-internship/ef16d574-f51e-4f6f-b26b-b7fcf60a1a42?utm_referrer=explore
Solusi-ku (PT Anugerah Digital Indonesia),Admin Mandarin Translator,"Setiabudi, Jakarta Selatan, DKI Jakarta, Indonesia",Perusahaan tidak menampilkan gaji,Penuh Waktu,,"Able to understand the overall business process and able to coordinate and communicate with different departments in a smooth way;, Able to translate a variety of documents and make sure the accuracy based on the requirement, including but not limited to emails, reports, legal documents, and marketing materials; Fluency in spoken Mandarin is preferred;, Able to provide support to the business operation departments, able to edit the operational and compliance documents according to the guidance and instruction;, Able to deliver the information or instruction correctly, ensuring that there are no communication constraints due to language differences or misunderstanding;, Complete other tasks assigned by Supervisor and deal with emergency affairs if any.",https://glints.com/id/opportunities/jobs/admin-mandarin-translator/bbde411a-8b74-477a-bf4c-ae0388180c63?utm_referrer=explore
PT Swakarya Insan Mandiri,Hospital Admissions Excellent English Communication,"Kembangan, Jakarta Barat, DKI Jakarta, Indonesia","Rp4,9jt-Rp5,1jt",Penuh Waktu,"Customer Service, Fluent In English Both Oral And Written, Administration","Patient Registration: Registering and admitting new patients to the healthcare facility. This includes collecting and verifying patient information, such as name, address, date of birth, contact details, and insurance information., Medical Information Collection: Gathering essential medical information, including prior medical history, allergies, and current medical conditions. This information is vital for proper patient care and treatment planning., Identity Verification: Ensuring the accurate identification of patients by checking official identification documents to prevent errors in patient care., Coordination with Medical Team: Collaborating with medical staff, nurses, and doctors to ensure patients are directed to the appropriate departments or units for their care., Document Administration: Managing administrative documents, such as admission forms, medical consent forms, and insurance documentation. Ensuring these documents are completed accurately and in compliance with hospital policies., Financial Verification: Verifying patients' insurance coverage, collecting co-payments, and providing information regarding treatment costs and payment options., Customer Service: Providing excellent customer service to patients and their families, addressing inquiries, and offering assistance during the admission process., Scheduling: Coordinating and scheduling patient appointments, tests, or procedures as necessary., Collaboration with Financial and Insurance Entities: Coordinating with the hospital's financial department, insurance companies, and financial institutions as required to secure payment for medical services., Privacy and Compliance: Ensuring that patient information is handled and maintained in compliance with healthcare privacy regulations and hospital policies., Record Keeping: Maintaining electronic and physical patient records, keeping accurate and up-to-date information for reference and future use.",https://glints.com/id/opportunities/jobs/hospital-admissions-excellent-english-communication/2d59f98d-2337-451a-8ca6-28918eba4dbe?utm_referrer=explore
PT Millenium Muda Mandiri,PEREMPUAN (CLEANING SERVIS-RIYADH-ARAB SAUDI,"Pancoran, Jakarta Selatan, DKI Jakarta, Indonesia",Rp6jt-Rp6jt,Penuh Waktu,,"Melakukan tugas-tugas pembersihan, seperti membersihkan meja, lantai, kaca, dan perlengkapan kantor lainnya., Merawat dan menjaga perlengkapan pembersihan agar tetap dalam kondisi baik., Memastikan kebersihan dan keteraturan di area kerja sesuai dengan standar yang ditetapkan.",https://glints.com/id/opportunities/jobs/perempuan-cleaning-servis-riyadh-arab-saudi/85277047-e319-4a03-a126-573da3fbd1ee?utm_referrer=explore
PT. Sinar Mitra Sepadan Finance (SMS Finance Jakarta Utara),Field Collector (FC),"Kelapa Gading, Jakarta Utara, DKI Jakarta, Indonesia",Perusahaan tidak menampilkan gaji,Penuh Waktu,"Field Collector, Credit Marketing Officer, SPPI CERTIFICATION","Pendidikan Min D3 sederajat (CMO,CRE), Pendidikan Minimal SMA Sederajat (FC,PA, Recovery), Usia maksimal 33 tahun, Memiliki kendaraan bermotor dan SIM C aktif, Memiliki sertifikat SPPI (FC, PA, Remedial & Recovery), Memiliki pengalaman/Fresh Graduate dipersilakan, Penempatan Jabodetabek",https://glints.com/id/opportunities/jobs/field-collector-fc/9e3f0617-d23b-46db-bd8f-be313a77fc37?utm_referrer=explore
PT. Sinar Mitra Sepadan Finance (SMS Finance Jakarta Utara),Credit Relationship Executive,"Kelapa Gading, Jakarta Utara, DKI Jakarta, Indonesia",Perusahaan tidak menampilkan gaji,Penuh Waktu,"Credit Marketing Officer, SPPI CERTIFICATION, Credit Relation Officer","Pendidikan Min D3 sederajat (CMO,CRE), Pendidikan Minimal SMA Sederajat (FC,PA, Recovery), Usia maksimal 33 tahun, Memiliki kendaraan bermotor dan SIM C aktif, Memiliki sertifikat SPPI (FC, PA, Remedial & Recovery), Memiliki pengalaman/Fresh Graduate dipersilakan, Penempatan Jabodetabek",https://glints.com/id/opportunities/jobs/credit-relationship-executive/39b72df1-de6c-4909-8ecb-7554ff23d746?utm_referrer=explore
Solusi Senyum Indonesia,Dental Assistant (Intraoral Scan Specialist),"Pasar Minggu, Jakarta Selatan, DKI Jakarta, Indonesia",Perusahaan tidak menampilkan gaji,Kontrak,"Dental Nurse, Dental Assistant, Patient Care","Bekerja sebagai operator scanner, Bersedia mobile ke klinik mitra, Menyelesaikan administrasi terkait kebutuhan scan (APD, travel budget, dll), Scan dengan target pasien (monthly)",https://glints.com/id/opportunities/jobs/dental-assistant-intraoral-scan-specialist/7bb1cad9-ad3d-4881-a6c0-cacc97a942e0?utm_referrer=explore
Elite Kid Course,Guru Part Time,"Denpasar Barat, Denpasar, Bali, Indonesia",Perusahaan tidak menampilkan gaji,Paruh Waktu,,"Pria/Wanita usia 20-25 tahu, Pendidikan minimal S1 atau sedang menempuh kuliah di jurusan (pendidikan bahasa inggris/sastra inggris), Memiliki pengalaman mengajar lebih disukai, Suka dengan anak-anak, Memiliki kendaraan pribadi, Jam kerja senin-sabtu (08.00 - 14.00)",https://glints.com/id/opportunities/jobs/guru-part-time/2870177c-ad3d-4d70-8cb4-583ddfe25fb2?utm_referrer=explore
PT Digital Dibimbing Indonesia,Sales Education Consultant,"Mampang Prapatan, Jakarta Selatan, DKI Jakarta, Indonesia",Perusahaan tidak menampilkan gaji,Penuh Waktu,,"Identifies and establishes partnerships with high schools, community colleges, educational institutions, and industry stakeholders., Actively engage with potential partners through meetings, presentations, workshops, and events., Cultivates and maintains strong relationships with partner institutions, counselors, teachers, and industry professionals., Coordinates joint events, workshops, seminars, and other activities to promote the university's programs and majors., Prepares regular reports & Maintain accurate records of applicant data, decisions, and admission statistics., Oversees the university's admission process, including application reviews, interviews, and document verification., Provides accurate and timely information to prospective students about the university's majors, programs, admission requirements, and financial aid options., Participates in education fairs, college expos, and recruitment events to represent the university and attract potential students.",https://glints.com/id/opportunities/jobs/sales-education-consultant/a7d91280-87d8-4015-80c9-c585a53eca88?utm_referrer=explore
PT Instrumen Musik Bersama,Sales Distributor Alat Musik,"Cakung, Jakarta Timur, DKI Jakarta, Indonesia",Rp4jt-Rp5jt,Penuh Waktu,,"Mengidentifikasi dan menghubungi prospek potensial di area yang ditugaskan., Mempromosikan dan menjual produk dan layanan perusahaan kepada pelanggan potensial., Membangun dan menjaga hubungan bisnis yang baik dengan pelanggan yang ada., Mencapai target penjualan yang ditetapkan oleh perusahaan., Mengikuti perkembangan pasar dan tren industri terkait., Memberikan layanan pelanggan yang superior dan menjawab pertanyaan atau masalah pelanggan dengan cepat dan efektif., Mengumpulkan dan menyampaikan informasi pasar dan umpan balik pelanggan kepada tim manajemen.",https://glints.com/id/opportunities/jobs/sales-distributor-alat-musik/b60823d5-6d98-477f-b49c-869cc56be1e0?utm_referrer=explore
PT Miranda Moda Indonesia,Purchasing Freelance,"Pondok Aren, Tangerang Selatan, Banten, Indonesia",Perusahaan tidak menampilkan gaji,Penuh Waktu,,"Follow up on order data with the designer, sample team, and finance (for design and motif approval, consumption, and pricing) for order purposes., Coordinate with suppliers regarding upcoming orders (price, due date delivery, agreement points)., Initiate the Purchase Request (PR) creation process., Initiate the Purchase Order (PO) creation process.Follow up on the production of raw fabric materials with the supplier and maintain the agreed-upon due date delivery and points., Coordinate with the QC team regarding the fabric inspection schedule with the supplier., Coordinate with the finance team regarding the payment schedule to the supplier., Handle the allocation of fabric delivery to the CMT/Garment vendor., Maintain records related to the details of purchases made., Prepare swatches for reference in the printing process for the production team., Gather samples for a photoshoot from the production team for the marketing team.",https://glints.com/id/opportunities/jobs/purchasing-freelance/f2136e19-14ee-4119-86dd-8a49cd77c943?utm_referrer=explore
Shenelin,Marketplace Specialist,"Tangerang, Tangerang, Banten, Indonesia",Perusahaan tidak menampilkan gaji,Penuh Waktu,"Online Marketplace, Good Communication Skills, Administration","Develop and manage marketplace (Shopee, Tokopedia, Lazada, Zalora), As admin for marketplace (CS), Create designs and videos with captions for products uploaded to the marketplace, Live streaming in the marketplace",https://glints.com/id/opportunities/jobs/marketplace-specialist/8a7436b9-0be2-4db0-bd8c-fcdd88b514ff?utm_referrer=explore
PT Salesworks Group Indonesia,Sales Management Program,"Tanah Abang, Jakarta Pusat, DKI Jakarta, Indonesia",Perusahaan tidak menampilkan gaji,Penuh Waktu,,"Willingness to learn, Excellent communication skill, Target oriented, Experience in sales and working as a team, Enjoy travelling",https://glints.com/id/opportunities/jobs/sales-management-program/13fdc9ac-42d1-4573-b999-af91a2063846?utm_referrer=explore
Dafanya Scarf,Videografer,"Kebon Jeruk, Jakarta Barat, DKI Jakarta, Indonesia",Perusahaan tidak menampilkan gaji,Penuh Waktu,"Creative Concept, Photo & Video Editing, Photography",,https://glints.com/id/opportunities/jobs/videografer/76f73a2e-c550-4ffd-ae71-4dd04e484806?utm_referrer=explore
M'Soul Indonesia,Admin Marketing,"Denpasar Barat, Denpasar, Bali, Indonesia","Rp4,5jt-Rp5jt",Penuh Waktu,"Marketing, Microsoft Office, Administration",,https://glints.com/id/opportunities/jobs/admin-marketing/5a9b7542-dc51-4f9e-9144-7f7320ce5ec1?utm_referrer=explore
PT Cilia Prisma Utama Makmur,Marketing Executive  - Banten,"Serang, Serang, Banten, Indonesia","Rp4,5jt-Rp5jt",Penuh Waktu,"Penjualan Dan Pemasaran, Sales, Sales Marketing","Posisi ini juga berlaku bagi Marketing Executive, Sales Representative, Business Development Officer dan Account Executive, Membuka pasar dan mencari pelanggan baru di pasar traditional, retail dan pareto, Bertanggung jawab atas mencapai target penjualan dan kunjungan yang telah ditetapkan perusahaan, Menjaga hubungan baik dengan pelanggan, Memastikan proses penjualan berjalan dengan lancar, Bertanggung jawab atas penagihan terhadap pelanggan, Membuat laporan harian, mingguan dan bulanan, Bersedia ditempatkan area Serang dan Tangerang",https://glints.com/id/opportunities/jobs/marketing-executive-banten/fa5ab68b-8796-4244-b6fe-25db9757317f?utm_referrer=explore
FIFGROUP CABANG KUTA,Marketing Executive,"Kuta, Kab. Badung, Bali, Indonesia","Rp1,2jt-Rp10jt",Penuh Waktu,,"Menawarkan produk pinjaman dana tunai, Menjaga loyalitas customer",https://glints.com/id/opportunities/jobs/marketing-executive/795cc762-766c-49f2-9cdb-635ccb97ffa5?utm_referrer=explore
Universitas Indonesia Membangun,Dosen Sistem Informasi,"Batununggal, Bandung, Jawa Barat, Indonesia",Rp6jt-Rp9jt,Penuh Waktu,"Pengabdian Masyarakat Melalui Program, Research, Mengajar",,https://glints.com/id/opportunities/jobs/dosen-sistem-informasi/1818050a-b2d4-4579-8037-bd7bb8fe72ac?utm_referrer=explore
PT Panca Wisesa Adhika,Marketing Dealer / Sales Dealer,"Gambir, Jakarta Pusat, DKI Jakarta, Indonesia",Perusahaan tidak menampilkan gaji,Penuh Waktu,,"Membangun dan menjaga hubungan bisnis yang baik dengan pelanggan yang ada., Bisa bekerja tim dan target., Melakukan penjualan untuk dealer., Memasikan pengiriman barang ke dealer dilakukan sesuai dengan standar., Melakukan penjualan e commerce, Mengelola administrasi penjualan., Menangani komplain.",https://glints.com/id/opportunities/jobs/marketing-dealer-sales-dealer/01943cc8-bfa6-42e5-87c5-13f9f07d1289?utm_referrer=explore
The Compass Rose Ubud,Category Operations Manager,"Ubud, Kab. Gianyar, Bali, Indonesia",Rp5jt-Rp6jt,Penuh Waktu,,,https://glints.com/id/opportunities/jobs/category-operations-manager/3ddeceb5-b260-46b2-a4f1-1ec7d1a55f3a?utm_referrer=explore
Pt Pohon Mas Sejahtera,IT Support,"Cakung, Jakarta Timur, DKI Jakarta, Indonesia","Rp3,5jt-Rp5jt",Penuh Waktu,,,https://glints.com/id/opportunities/jobs/it-support/3ebcbf63-e1a9-40b6-b548-969fca4a32d2?utm_referrer=explore
PT Fujitec Indonesia,Sales Engineer,"Kembangan, Jakarta Barat, DKI Jakarta, Indonesia",Perusahaan tidak menampilkan gaji,Penuh Waktu,"Analytical Skills, Product Knowledge, B2b Sales, Good Communication Skills",,https://glints.com/id/opportunities/jobs/sales-engineer/96385f49-7e30-43e6-a62c-1d41897e28d6?utm_referrer=explore
PT Horus Technology Indonesia,Content Creator,"Kapanewon Gamping, Kab. Sleman, DI Yogyakarta, Indonesia","Rp4,1jt-Rp5,5jt",Paruh Waktu,"Content Writing, Content Creator, Desain Grafis, Content Creation, Content Writer, Multimedia, Paham Instagram, Membuat Konten Tiktok",,https://glints.com/id/opportunities/jobs/content-creator/75cc408a-f082-43a2-beed-a7923273b18f?utm_referrer=explore
Gooritss Indonesia Sejahtera,Sales IT,"Tebet, Jakarta Selatan, DKI Jakarta, Indonesia",Perusahaan tidak menampilkan gaji,Penuh Waktu,,"Communication and Customer Service skills, Sales experience, Ability to provide training and support to customers, Sales Management experience, Experience in the IT hardware industri, Excellent interpersonal and relationship-building skills, Ability to work independently and as part of a team, Bachelor's degree in Business, Marketing, or related field",https://glints.com/id/opportunities/jobs/sales-it/906b10be-9c31-430e-94b4-256909783435?utm_referrer=explore
PT. Rajawali Anugrah Resources,Frontliner,"Tanjung Priok, Jakarta Utara, DKI Jakarta, Indonesia","Rp4,5jt-Rp5jt",Penuh Waktu,"Ramah dan komunikatif, Jujur, teliti, dan rajin, Berkomunikasi Dengan Baik, Melayani Customer dengan baik",,https://glints.com/id/opportunities/jobs/frontliner/cdf7ad39-04ce-433c-8bd3-7e296beb4520?utm_referrer=explore
PT.LEGALKU DIGITAL TEKNOLOGI,Business Development Internship,"Gubeng, Surabaya, Jawa Timur, Indonesia",Perusahaan tidak menampilkan gaji,Magang,,"Target Oriented, Tertarik Di Dunia Sales, Negosiator Yang baik, dan memiliki keterampilan Prestasi Yang Baik., Mampu Mengoperasikan Internet, Microsoft Office, Dan Google Workspace., Memiliki kemampuan Administrasi Dan Mengelola Database Dengan Baik., Memiliki Ketertarikan, Mengenal Dan Memahami Bisnis Jasa Legalitas., Fresh Graduate Atau Mahasiswa Tingkat Akhir (Lulusan Manajemen,Komunikasi Dan Psikologi Akan Menjadi Nilai Tambah).",https://glints.com/id/opportunities/jobs/business-development-internship/6cd668f8-984b-4521-9cd2-ba49a937b833?utm_referrer=explore
Dapoer Makmur,Content Creator,"Cengkareng, Jakarta Barat, DKI Jakarta, Indonesia",Perusahaan tidak menampilkan gaji,Penuh Waktu,,"Pria/Wanita usia max. 25 tahun, Fresh graduate (Pendidikan min. S1 DKV/Komunikasi), Dapat menggunakan aplikasi graphic design (photoshop/illustrator) dan dapat mengedit video, Kreatif, inisiatif, komunikasi baik, percaya diri, Diutamakan berdomisili di daerah Cengkareng/Jakarta Barat, Memiliki kendaraan pribadi",https://glints.com/id/opportunities/jobs/content-creator/b3396c1a-cbed-46af-8ebd-78356fe4ea11?utm_referrer=explore
Honda IKM Hasyim Ashari,Sales Consultant,"Gambir, Jakarta Pusat, DKI Jakarta, Indonesia","Rp2,8jt-Rp15jt",Penuh Waktu,,"1. Usia maksimal 35 tahun., 2. Pria/Wanita, 3. Minimal SMA/SMK., 4. Siap kerja dengan target bulanan., 5. Disukai membawa kendaraan sendiri (minimal motor), 6. Jujur, target oriented & dapat bekerja sama dengan team, 7. Memiliki skill management, analytical, dan teamwork yang baik",https://glints.com/id/opportunities/jobs/sales-consultant/1b43e7ba-9673-44f1-878a-a5498d6bc22c?utm_referrer=explore
Javamifi,Intern Talent & Host Live Streamer,"Duren Sawit, Jakarta Timur, DKI Jakarta, Indonesia",Perusahaan tidak menampilkan gaji,Penuh Waktu,,"Memandu berjalannya live shoping di sosial media sebagai host, Menjadi talent/model dalam produksi konten, Mampu menjawab pertanyaan sesuai dengan product knowledge brand dengan baik, Melakukan live dengan total waktu 80 jam per bulan (20 jam x 4 jam per hari)",https://glints.com/id/opportunities/jobs/intern-talent-and-host-live-streamer/6ae3cc5c-42ab-43b0-9bfb-207a5513ed73?utm_referrer=explore
PT. KREASI PEMUDA BANGSA (AKSEL),Sales Online [Heater Water Company],"Penjaringan, Jakarta Utara, DKI Jakarta, Indonesia",Perusahaan tidak menampilkan gaji,Penuh Waktu,"Sales Management, Sales, Admin Sales E-Commerce","Umur Max 35 Tahun, Pendidikan min SMA/SMK Sederajat, Berpengalaman min 1 Tahun menjadi Sales Online atau Digital Marketing E-Commerce dan Sales Retail, Paham strategi marketing di E-commerce atau platform online lainnya, Menguasai ads marketplace dan media sosial, Teliti, mempunyai kemampuan berkomunikasi yang baik dan Analysis Thinking yang bagus, Kreatif dan Fast Response, Target Oriented, Self Motivated and Hard Worker, Terbiasa bekerja dengan target penjualan, time management yang baik dan loyal, Terbiasa bekerja dengan deadline, dan mempunyai problem solving yang baik, Mampu bekerjasama secara individu maupun tim",https://glints.com/id/opportunities/jobs/sales-online-heater-water-company/0d6e586b-308e-4b0b-a93b-17ce81d92e63?utm_referrer=explore
ASSOCIE.CO.ID,Sales  Marketing Tour & Travel,"Kalideres, Jakarta Barat, DKI Jakarta, Indonesia","Rp4jt-Rp4,5jt",Penuh Waktu,,,https://glints.com/id/opportunities/jobs/sales-marketing-tour-and-travel/b6a2f623-adbd-4275-86b0-4c5c4e04e2a8?utm_referrer=explore
PT. Salam Pacific Indonesia Lines,Heavy Equipment Mechanic (Tanjung Priok Jakarta),"Tanjung Priok, Jakarta Utara, DKI Jakarta, Indonesia",Perusahaan tidak menampilkan gaji,Penuh Waktu,,,https://glints.com/id/opportunities/jobs/heavy-equipment-mechanic-tanjung-priok-jakarta/eabca032-db8e-4eb4-9518-a001b8890403?utm_referrer=explore
Bimbel Bina Prestasi Cemerlang (BPC),Tutor SMP,"Duren Sawit, Jakarta Timur, DKI Jakarta, Indonesia",Perusahaan tidak menampilkan gaji,Penuh Waktu,"Tutor, tutor, Tutor Teacher",,https://glints.com/id/opportunities/jobs/tutor-smp/3e160381-77b4-46fe-b644-12b80121a983?utm_referrer=explore
Bimbel Bina Prestasi Cemerlang (BPC),Executive Marketing,"Duren Sawit, Jakarta Timur, DKI Jakarta, Indonesia",Perusahaan tidak menampilkan gaji,Penuh Waktu,,,https://glints.com/id/opportunities/jobs/executive-marketing/f3ea3838-0f37-4bde-8f3a-fbada3de6216?utm_referrer=explore
Bimbel Bina Prestasi Cemerlang (BPC),Staf Akademik (QC),"Duren Sawit, Jakarta Timur, DKI Jakarta, Indonesia",Perusahaan tidak menampilkan gaji,Penuh Waktu,,,https://glints.com/id/opportunities/jobs/staf-akademik-qc/768be7e5-30d7-42a0-90f8-110ba5a4efce?utm_referrer=explore
Djalaluddin Pane Foundation (DPF),Staff Fundraising,"Medan Selayang, Medan, Sumatera Utara, Indonesia",Rp3jt-Rp5jt,Penuh Waktu,"Negosiasi Dan Presentasi, Memiliki Kemampuan Komunikasi Yang Baik, Sales Marekting",,https://glints.com/id/opportunities/jobs/staff-fundraising/9024f823-bfec-450e-b1f7-569041bc7b87?utm_referrer=explore
PT Aneka Dasuib Jaya (Javasuperfood),Backend Developer,"Cibodas, Tangerang, Banten, Indonesia",Perusahaan tidak menampilkan gaji,Penuh Waktu,,"Membangun perangkat lunak yang kuat dan skalabel dengan membangun fitur baru, debugging, dan mengoptimalkan aplikasi, Menulis kode bersih untuk mengembangkan aplikasi web fungsional, Berkolaborasi dengan pengembang front-end untuk mengintegrasikan elemen yang terlihat oleh pengguna dengan logika sisi server, Mengembangkan dan mengusulkan produk atau fitur baru dengan memantau industri, Bekerja sama dengan desainer, manajer produk, dan administrator sistem untuk mengidentifikasi dan membangun fitur baru",https://glints.com/id/opportunities/jobs/backend-developer/ab9e3bf6-ec51-4552-b2c9-e7a0e1420e79?utm_referrer=explore
PT Speedwork Solusi Utama,National Fleet Sales 4W,"Gambir, Jakarta Pusat, DKI Jakarta, Indonesia",Perusahaan tidak menampilkan gaji,Kontrak,"Problem Solving, Sales and Marketing, Direct Sales, Product Knowledge, Fleet Sales, Good Communication Skills",,https://glints.com/id/opportunities/jobs/national-fleet-sales-4w/7c9dc213-dfcb-49f1-821b-47988a2567cf?utm_referrer=explore
PT. Naturelle Inti Global,Sales Executive Area,"Semarang Barat, Semarang, Jawa Tengah, Indonesia",Perusahaan tidak menampilkan gaji,Penuh Waktu,,"Memiliki pendidikan minimal SMA/SMK/Sederajat, Memiliki keterampilan komunikasi, pekerja keras, jujur, dan bertanggung jawab, Target oriented dan berpenampilan menarik, Mampu mengendarai motor atau mobil, Lebih disukai jika memiliki pengalaman dalam bidang penjualan, Bersedia penempatan di Semarang, Jawa Tengah",https://glints.com/id/opportunities/jobs/sales-executive-area/eae724ce-a5d4-4e7b-b274-77bfbafe7ef6?utm_referrer=explore
PT. Haidilao Indonesia Restaurants,管理培训生 Management Trainee (Mandarin Speaker),"Kebayoran Lama, Jakarta Selatan, DKI Jakarta, Indonesia",Rp8jt-Rp15jt,Penuh Waktu,,,https://glints.com/id/opportunities/jobs/管理培训生-management-trainee-mandarin-speaker/a48ea75c-fc9c-4bfa-8c64-2542c9139b45?utm_referrer=explore
Livesmart Asia Pte Ltd,Content Creator,"Batam Kota, Batam, Kepulauan Riau, Indonesia","Rp3,5jt-Rp5jt",Penuh Waktu,,,https://glints.com/id/opportunities/jobs/content-creator/fd5a44d9-5f2a-419f-b530-f19477bfe6fe?utm_referrer=explore
LAWSON INDONESIA (PT. LANCAR WIGUNA SEJAHTERA),Inventory Control Support,"Kapanewon Sewon, Kab. Bantul, DI Yogyakarta, Indonesia",Perusahaan tidak menampilkan gaji,Penuh Waktu,"Detailed Oriented, Statistical Data Analysis, Good Communication Skills","Pria, Usia 20 - 27 tahun, Terbuka untuk fresh graduate, tetapi berpengalaman diutamakan, Detail oriented & good communication, Bersedia bekerja di lapangan dengan mobilitas tinggi, Memiliki SIM A & C, Penempatan di area D.I.Y & Jawa Tengah.",https://glints.com/id/opportunities/jobs/inventory-control-support/dbb8a524-fc0c-44b6-9255-4f33f783ca77?utm_referrer=explore
PT Amanah Amarta,Management Trainee,"Rungkut, Surabaya, Jawa Timur, Indonesia","Rp3,3jt-Rp4,5jt",Penuh Waktu,,"Pendidikan min. D3 Teknik Mesin/Teknik Elektro, Terbuka untuk Fresh Graduate, Memiliki kemampuan analitis yang kuat, pemecahan masalah, memiliki jiwa kepemimpinan & kemampuan komunikasi baik, Memiliki pengalaman aktif dalam kegiatan organisasi lebih disukai, Siap ditugaskan di Surabaya",https://glints.com/id/opportunities/jobs/management-trainee/e9a1d302-e9ea-4288-9302-b6c2364f783e?utm_referrer=explore
PT. Selalu Sukses Prima,Ecommerce Trainee (Mandarin Speaker),"Serpong Utara, Tangerang Selatan, Banten, Indonesia",Perusahaan tidak menampilkan gaji,Penuh Waktu,"Fluent In Mandarin, Microsoft Excel, E-commerce","Write and edit product content that will be published on e-Commerce websites/portals., Set standards, systems, and best practices for new product listings, content creation, distribution, and maintenance., Work closely with different teams (overseas product management, graphics, CS) to provide updated content that will be shared across e-Commerce platforms., Provide support in other areas of Media Marketing, SEO, Keyword Research, Google Analytics, and Paid Social Media., Be a subject matter expert to assigned product categories., Identify SEO best practices regarding inventory, pre-orders, and pricing policies., Monitor changes in product sales by using web analytics and Excel spreadsheets (pivot tables, vlookups, etc) to stay organized., Ability to multitask and meet deadlines while maintaining attention to detail.",https://glints.com/id/opportunities/jobs/ecommerce-trainee-mandarin-speaker/2ab45d9c-5fb1-4bfc-87c4-b93cc0e11004?utm_referrer=explore
Djalaluddin Pane Foundation (DPF),Fundraiser staff,"Kramatjati, Jakarta Timur, DKI Jakarta, Indonesia",Perusahaan tidak menampilkan gaji,Penuh Waktu,"Marketing, Negotiation Skill, Berkomunikasi Dengan Baik",,https://glints.com/id/opportunities/jobs/fundraiser-staff/6e55e4f0-ad93-422d-9271-3a48510bd5ee?utm_referrer=explore
