Company,Job_title,Location,Salary,Links
Teleperformance,Call Center Representative - Tagalog Speaker,Yogyakarta,"IDR 8,000,000 - IDR 11,200,000",https://www.jobstreet.co.id/id/job/call-center-representative-tagalog-speaker-4518858?jobId=jobstreet-id-job-4518858&sectionRank=61&token=0~85db8393-1492-42e2-bac0-a5a10ccbf14f&fr=SRP%20Job%20Listing
PT Mitracomm Ekasarana,CUSTOMER SERVICE - BATAM & PEKANBARU,Bukittinggi,"IDR 3,300,000 - IDR 4,500,000",https://www.jobstreet.co.id/id/job/customer-service-batam-pekanbaru-4515599?jobId=jobstreet-id-job-4515599&sectionRank=421&token=0~ef7a49e1-9c88-4ea8-8c60-e1803c396a7e&fr=SRP%20Job%20Listing
PT Baraka Sarana Tama,Management Trainee Head of Branch Operations,Madiun,"IDR 3,200,000 - IDR 3,400,000",https://www.jobstreet.co.id/id/job/management-trainee-head-of-branch-operations-4518853?jobId=jobstreet-id-job-4518853&sectionRank=511&token=0~dd516bf6-5332-4c7b-9a8a-48ed50ccaa8c&fr=SRP%20Job%20Listing
CV Goshen Power,Driver,Sidoarjo,"IDR 3,000,000 - IDR 3,500,000",https://www.jobstreet.co.id/id/job/driver-4517889?jobId=jobstreet-id-job-4517889&sectionRank=1351&token=0~56b1ee54-4da6-4925-a572-12dcbfb9dd6c&fr=SRP%20Job%20Listing
PT Petra Sejahtera Abadi,Supervisor E-Commerce Operation,Tangerang,"IDR 6,000,000 - IDR 8,000,000",https://www.jobstreet.co.id/id/job/supervisor-e-commerce-operation-4518799?jobId=jobstreet-id-job-4518799&sectionRank=841&token=0~68d93af3-a6e7-4b49-96dd-1e40171a9a41&fr=SRP%20Job%20Listing
Bali Family Development,PROPERTY SALES (BALI),Bali,"IDR 8,000,000 - IDR 12,000,000",https://www.jobstreet.co.id/id/job/property-sales-bali-4518848?jobId=jobstreet-id-job-4518848&sectionRank=213&token=0~af8a99b7-4565-4a40-a9a2-75a6e3bca5c9&fr=SRP%20Job%20Listing
JH Interior,Interior Project Manager,Tangerang,"IDR 6,500,000 - IDR 8,500,000",https://www.jobstreet.co.id/id/job/interior-project-manager-4518939?jobId=jobstreet-id-job-4518939&sectionRank=662&token=0~fbd4efba-d1c5-49de-ac6d-03068cdff40a&fr=SRP%20Job%20Listing
PT Mitra Kerja Utama,Quality Control,Surabaya,"IDR 4,500,000 - IDR 6,000,000",https://www.jobstreet.co.id/id/job/quality-control-4516680?jobId=jobstreet-id-job-4516680&sectionRank=811&token=0~259df4d8-811e-497c-8d13-e71571f60fea&fr=SRP%20Job%20Listing
CSTI,ACCOUNTING MANAGER,Karawang,"IDR 10,000,000 - IDR 14,000,000",https://www.jobstreet.co.id/id/job/accounting-manager-4518949?jobId=jobstreet-id-job-4518949&sectionRank=961&token=0~eac63e12-d402-4063-b1fd-a9d1a5c15d57&fr=SRP%20Job%20Listing
PT Karya Bintang Mandiri,Admin Produksi & Bahan Baku,Sidoarjo,"IDR 4,600,000 - IDR 6,000,000",https://www.jobstreet.co.id/id/job/admin-produksi-bahan-baku-4518955?jobId=jobstreet-id-job-4518955&sectionRank=1&token=0~c3cc334b-459c-4821-a769-8334fd2ef181&fr=SRP%20Job%20Listing
Precious Dental Care,Manajer Operasional,Jakarta Utara,"IDR 6,000,000 - IDR 8,400,000",https://www.jobstreet.co.id/id/job/manajer-operasional-4516137?jobId=jobstreet-id-job-4516137&sectionRank=721&token=0~f5325532-66cf-4ead-82a5-50cf12a31ba1&fr=SRP%20Job%20Listing
PT Karya Bintang Mandiri,Penjaga Tungku Pemanas,Sidoarjo,"IDR 4,000,000 - IDR 6,000,000",https://www.jobstreet.co.id/id/job/penjaga-tungku-pemanas-4518988?jobId=jobstreet-id-job-4518988&sectionRank=331&token=0~b63339e4-722a-4e5f-a7a1-2963cb6531b9&fr=SRP%20Job%20Listing
PT. Prima Bersama Berkat,Head of Finance,Tangerang,"IDR 20,000,000 - IDR 25,000,000",https://www.jobstreet.co.id/id/job/head-of-finance-4517225?jobId=jobstreet-id-job-4517225&sectionRank=1352&token=0~56b1ee54-4da6-4925-a572-12dcbfb9dd6c&fr=SRP%20Job%20Listing
PT BANDAR BOGA NUSANTARA,Legal Staff,Jakarta Selatan,"IDR 5,000,000 - IDR 6,000,000",https://www.jobstreet.co.id/id/job/legal-staff-4518772?jobId=jobstreet-id-job-4518772&sectionRank=572&token=0~dfc31a67-8fac-4af6-bf91-034f9be4e42f&fr=SRP%20Job%20Listing
PT Trusur Unggul Teknusa,Teknisi Laboratorium (FREELANCE),Jakarta Timur,"IDR 2,500,000 - IDR 5,000,000",https://www.jobstreet.co.id/id/job/teknisi-laboratorium-freelance-4517143?jobId=jobstreet-id-job-4517143&sectionRank=1531&token=0~5e3009b4-0c2b-4505-85fd-88b25abb3cb1&fr=SRP%20Job%20Listing
Nabawi Mulia Travel,AKUNTING,Yogyakarta,"IDR 2,500,000 - IDR 3,000,000",https://www.jobstreet.co.id/id/job/akunting-4518504?jobId=jobstreet-id-job-4518504&sectionRank=782&token=0~3a8477aa-9b52-4135-8403-7aca5dd8cdd6&fr=SRP%20Job%20Listing
PT. KALIMAS SARANA SUPLINDO,Helper Gudang,Jakarta Pusat,"IDR 4,750,000 - IDR 4,950,000",https://www.jobstreet.co.id/id/job/helper-gudang-4518004?jobId=jobstreet-id-job-4518004&sectionRank=362&token=0~47629d01-d935-4b57-9162-1c02868ee0b9&fr=SRP%20Job%20Listing
PT Mandiri Pallazo Kreasindo,Admin Purchasing,Jakarta Utara,"IDR 3,000,000 - IDR 4,000,000",https://www.jobstreet.co.id/id/job/admin-purchasing-4515205?jobId=jobstreet-id-job-4515205&sectionRank=1232&token=0~b21ab8e8-4690-41a6-ab61-928f58cdf4d1&fr=SRP%20Job%20Listing
PT Andalan Anak Bangsa (KPSG),"PERAWAT: IPD, OPD, Endoskopi, IGD, ICU, & OT (Bandung)",Bandung,"IDR 4,700,000 - IDR 6,000,000",https://www.jobstreet.co.id/id/job/perawat%3A-ipd-opd-endoskopi-igd-icu-ot-bandung-4517987?jobId=jobstreet-id-job-4517987&sectionRank=902&token=0~0e9d65d8-9a7f-44cf-9d81-0faeef19653c&fr=SRP%20Job%20Listing
Pondok Lensa,"HR GA Staff (Bali, 2023)",Seminyak,"IDR 3,000,000 - IDR 4,000,000",https://www.jobstreet.co.id/id/job/hr-ga-staff-bali-2023-4517648?jobId=jobstreet-id-job-4517648&sectionRank=422&token=0~ef7a49e1-9c88-4ea8-8c60-e1803c396a7e&fr=SRP%20Job%20Listing
PT ZMG Telekomunikasi Servise Indonesia,"Finance,Accounting,Tax Ass. Manager",Jakarta Barat,"IDR 10,000,000 - IDR 18,000,000",https://www.jobstreet.co.id/id/job/finance-accounting-tax-ass.-manager-4518269?jobId=jobstreet-id-job-4518269&sectionRank=214&token=0~af8a99b7-4565-4a40-a9a2-75a6e3bca5c9&fr=SRP%20Job%20Listing
PT ANICO GROUP,Business Manager (Trade-in),Jakarta Utara,"IDR 5,000,000 - IDR 7,000,000",https://www.jobstreet.co.id/id/job/business-manager-trade-in-4518763?jobId=jobstreet-id-job-4518763&sectionRank=1741&token=0~608a6c2c-dd21-4f49-9247-da9edf28ab3c&fr=SRP%20Job%20Listing
sns.ac,Mekanik Troubleshooting,Ambon,"IDR 6,000,000 - IDR 9,000,000",https://www.jobstreet.co.id/id/job/mekanik-troubleshooting-4517781?jobId=jobstreet-id-job-4517781&sectionRank=1113&token=0~7685761f-7cd2-460e-bd30-c338616c3175&fr=SRP%20Job%20Listing
PT. SHAN HAI MAP,Import Consultant,Jakarta Barat,"IDR 7,000,000 - IDR 10,000,000",https://www.jobstreet.co.id/id/job/import-consultant-4518511?jobId=jobstreet-id-job-4518511&sectionRank=1143&token=0~03af6f7a-bc29-4bc0-a38a-a085effd5373&fr=SRP%20Job%20Listing
CV tasnim,Admin Data Entry,Bandung,"IDR 3,000,000 - IDR 3,700,000",https://www.jobstreet.co.id/id/job/admin-data-entry-4518427?jobId=jobstreet-id-job-4518427&sectionRank=241&token=0~317ce3cb-4347-4dc6-bccc-156ac6fb4b5b&fr=SRP%20Job%20Listing
PT Mitra Informatika,Account Manager,Jakarta Raya,"IDR 8,000,000 - IDR 11,000,000",https://www.jobstreet.co.id/id/job/account-manager-4517332?jobId=jobstreet-id-job-4517332&sectionRank=1593&token=0~07190b0c-aaf8-4128-9fc0-919b97badbb9&fr=SRP%20Job%20Listing
PT Kelola Jasa Artha (Kejar),Finance & Accounting Staff,Jakarta Pusat,"IDR 5,000,000 - IDR 7,000,000",https://www.jobstreet.co.id/id/job/finance-accounting-staff-4516951?jobId=jobstreet-id-job-4516951&sectionRank=783&token=0~3a8477aa-9b52-4135-8403-7aca5dd8cdd6&fr=SRP%20Job%20Listing
PT Putramaya Abadi,Supervisor Digital Marketing & E-commerce,Jakarta Raya,"IDR 7,000,000 - IDR 8,000,000",https://www.jobstreet.co.id/id/job/supervisor-digital-marketing-e-commerce-4518468?jobId=jobstreet-id-job-4518468&sectionRank=91&token=0~c50536a6-5a50-42d5-b949-ab10e5e60cbd&fr=SRP%20Job%20Listing
PT Hermed,Penanggung Jawab Produksi,Tangerang,"IDR 7,000,000 - IDR 8,000,000",https://www.jobstreet.co.id/id/job/penanggung-jawab-produksi-4517770?jobId=jobstreet-id-job-4517770&sectionRank=874&token=0~e524793e-7696-4cf3-9951-aaaf124ca4ee&fr=SRP%20Job%20Listing
PT JAC Consulting Indonesia,Sales Staff (B2B - Trading),Jakarta Utara,"IDR 5,000,000 - IDR 7,000,000",https://www.jobstreet.co.id/id/job/sales-staff-b2b-trading-4516766?jobId=jobstreet-id-job-4516766&sectionRank=1742&token=0~608a6c2c-dd21-4f49-9247-da9edf28ab3c&fr=SRP%20Job%20Listing
PT Dinamika Megatama Citra,Teknisi Cold Storage,Mojokerto,"IDR 4,500,000 - IDR 5,500,000",https://www.jobstreet.co.id/id/job/teknisi-cold-storage-4517998?jobId=jobstreet-id-job-4517998&sectionRank=1202&token=0~6c00a9e9-67aa-49a6-b7b3-50951106fb24&fr=SRP%20Job%20Listing
PT Inovasi Anak Indonesia (Parkee),IT Support,Jakarta Pusat,"IDR 4,700,000 - IDR 4,900,000",https://www.jobstreet.co.id/id/job/it-support-4515191?jobId=jobstreet-id-job-4515191&sectionRank=1474&token=0~39aee3b0-1669-4866-a268-361e61dec0c5&fr=SRP%20Job%20Listing
Perusahaan Dirahasiakan,Desain grafis,Tangerang,"IDR 4,000,000 - IDR 5,600,000",https://www.jobstreet.co.id/id/job/desain-grafis-4518847?jobId=jobstreet-id-job-4518847&sectionRank=964&token=0~eac63e12-d402-4063-b1fd-a9d1a5c15d57&fr=SRP%20Job%20Listing
Allura Florist,PERANGKAI BUNGA,Tangerang,"IDR 2,500,000 - IDR 4,500,000",https://www.jobstreet.co.id/id/job/perangkai-bunga-4518003?jobId=jobstreet-id-job-4518003&sectionRank=1084&token=0~530a1051-fbd7-4ad9-80af-8bc7dc7ecb1f&fr=SRP%20Job%20Listing
Celebrity Dental Clinic,STAFF HRD,Tangerang,"IDR 3,000,000 - IDR 4,500,000",https://www.jobstreet.co.id/id/job/staff-hrd-4515502?jobId=jobstreet-id-job-4515502&sectionRank=875&token=0~e524793e-7696-4cf3-9951-aaaf124ca4ee&fr=SRP%20Job%20Listing
PT Warna Abadi Mitra Bersama,Account Payable Staff (Finance Staff),Sleman,"IDR 2,300,000 - IDR 2,400,000",https://www.jobstreet.co.id/id/job/account-payable-staff-finance-staff-4515292?jobId=jobstreet-id-job-4515292&sectionRank=1412&token=0~a123045e-e805-4720-b5aa-1d52aaa35583&fr=SRP%20Job%20Listing
PT. Banban Indonesia Gemilang,Social Media & KOL Specialist,Jakarta Raya,"IDR 5,000,000 - IDR 6,000,000",https://www.jobstreet.co.id/id/job/social-media-kol-specialist-4518017?jobId=jobstreet-id-job-4518017&sectionRank=545&token=0~34ba7601-569b-43b3-a8ca-6dbf5ca09d7e&fr=SRP%20Job%20Listing
PT Qinfa Mining Industri,Laboratory Analyst (Lab Analyst Spv),Kotabaru,"IDR 8,000,000 - IDR 15,000,000",https://www.jobstreet.co.id/id/job/laboratory-analyst-lab-analyst-spv-4517699?jobId=jobstreet-id-job-4517699&sectionRank=667&token=0~fbd4efba-d1c5-49de-ac6d-03068cdff40a&fr=SRP%20Job%20Listing
Trackerindo Anugerah Sejahtera CV,Product Designer,Bandung,"IDR 3,200,000 - IDR 4,480,000",https://www.jobstreet.co.id/id/job/product-designer-4518895?jobId=jobstreet-id-job-4518895&sectionRank=905&token=0~0e9d65d8-9a7f-44cf-9d81-0faeef19653c&fr=SRP%20Job%20Listing
PT. Graha Perdana Indah,Promotion Staff,Depok,"IDR 5,000,000 - IDR 6,000,000",https://www.jobstreet.co.id/id/job/promotion-staff-4517284?jobId=jobstreet-id-job-4517284&sectionRank=124&token=0~958bc18d-13dc-4bd8-a7c4-bbbdacfd70ce&fr=SRP%20Job%20Listing
PT  Oriontama Jaya,Administrasi,Surabaya,"IDR 3,000,000 - IDR 5,000,000",https://www.jobstreet.co.id/id/job/administrasi-4518908?jobId=jobstreet-id-job-4518908&sectionRank=242&token=0~317ce3cb-4347-4dc6-bccc-156ac6fb4b5b&fr=SRP%20Job%20Listing
PT. UBC Medical Indonesia (Jakarta),Business Development Medical Devices IVD,Jakarta Timur,"IDR 5,000,000 - IDR 7,000,000",https://www.jobstreet.co.id/id/job/business-development-medical-devices-ivd-4516591?jobId=jobstreet-id-job-4516591&sectionRank=454&token=0~fa33a9c2-ef25-4896-ae6f-cb49ef52425e&fr=SRP%20Job%20Listing
PT Sinarmonas Industries,Staff LSMK3,Banten,"IDR 4,584,520 - IDR 6,000,000",https://www.jobstreet.co.id/id/job/staff-lsmk3-4518442?jobId=jobstreet-id-job-4518442&sectionRank=397&token=0~e7a7d03f-ca41-48a0-8ecc-c39f99367986&fr=SRP%20Job%20Listing
PT Kencana Panelindo,Drafter,Jakarta Barat,"IDR 5,000,000 - IDR 6,500,000",https://www.jobstreet.co.id/id/job/drafter-4516529?jobId=jobstreet-id-job-4516529&sectionRank=154&token=0~09511eb4-c57d-48c2-8152-d0ef3402ab7a&fr=SRP%20Job%20Listing
PT Mano Marion,KEPALA TEKNIK - Perusahaan BUS / ELF (Mesin Diesel),Jakarta Timur,"IDR 4,500,000 - IDR 7,000,000",https://www.jobstreet.co.id/id/job/kepala-teknik-perusahaan-bus-elf-mesin-diesel-4519073?jobId=jobstreet-id-job-4519073&sectionRank=93&token=0~c50536a6-5a50-42d5-b949-ab10e5e60cbd&fr=SRP%20Job%20Listing
PT AXA Mandiri Financial Services,Financial Advisor -  Area Maluku & Maluku Utara,Maluku,"IDR 2,460,000 - IDR 3,198,000",https://www.jobstreet.co.id/id/job/financial-advisor-area-maluku-maluku-utara-4517282?jobId=jobstreet-id-job-4517282&sectionRank=1566&token=0~00b4b701-5616-4a55-99bb-fcbaf55b100e&fr=SRP%20Job%20Listing
PT Catur Sentosa Adiprana Tbk,IT Staff,Jakarta Barat,"IDR 5,200,000 - IDR 5,500,000",https://www.jobstreet.co.id/id/job/it-staff-4518977?jobId=jobstreet-id-job-4518977&sectionRank=275&token=0~85ea0121-5607-4751-b85f-ae8600cd99cc&fr=SRP%20Job%20Listing
PT Jaya Fermex,Asst Technical Baker - Riau,Riau,"IDR 5,000,000 - IDR 7,000,000",https://www.jobstreet.co.id/id/job/asst-technical-baker-riau-4517663?jobId=jobstreet-id-job-4517663&sectionRank=1023&token=0~8f9b6734-1c6c-4cae-9ae5-fd25712866e6&fr=SRP%20Job%20Listing
CV. Berkat Saintifindo,STAFF HRD,Medan,"IDR 4,000,000 - IDR 7,000,000",https://www.jobstreet.co.id/id/job/staff-hrd-4517126?jobId=jobstreet-id-job-4517126&sectionRank=698&token=0~9abdf574-e804-454c-acd0-3191ba3bbbbb&fr=SRP%20Job%20Listing
PT WISESTYLE TRADING INTERNATIONAL,IT Engineer,Jakarta Barat,"IDR 5,000,000 - IDR 7,500,000",https://www.jobstreet.co.id/id/job/it-engineer-4516372?jobId=jobstreet-id-job-4516372&sectionRank=126&token=0~958bc18d-13dc-4bd8-a7c4-bbbdacfd70ce&fr=SRP%20Job%20Listing
PT Bundamedik Tbk,Marketing Staff,Jakarta Pusat,"IDR 5,000,000 - IDR 7,000,000",https://www.jobstreet.co.id/id/job/marketing-staff-4518601?jobId=jobstreet-id-job-4518601&sectionRank=515&token=0~dd516bf6-5332-4c7b-9a8a-48ed50ccaa8c&fr=SRP%20Job%20Listing
PT Adira Semesta Industry,Industrial Engineering,Bandung,"IDR 4,000,000 - IDR 5,600,000",https://www.jobstreet.co.id/id/job/industrial-engineering-4517904?jobId=jobstreet-id-job-4517904&sectionRank=786&token=0~3a8477aa-9b52-4135-8403-7aca5dd8cdd6&fr=SRP%20Job%20Listing
PT LUMIRA TALENTA INDONESIA,HRMS Manager,Karawang,"IDR 16,000,000 - IDR 17,000,000",https://www.jobstreet.co.id/id/job/hrms-manager-4517617?jobId=jobstreet-id-job-4517617&sectionRank=1385&token=0~969a56c5-bc12-41aa-822a-6203e6a5bc90&fr=SRP%20Job%20Listing
CV GIGA SOLUSI,Field Applications Engineer,Jakarta Barat,"IDR 4,500,000 - IDR 6,000,000",https://www.jobstreet.co.id/id/job/field-applications-engineer-4515807?jobId=jobstreet-id-job-4515807&sectionRank=1054&token=0~b12aad0d-ce7f-4b2e-925a-fc38787a2ad5&fr=SRP%20Job%20Listing
PT. INTISUMBER BAJASAKTI,Organization Development Specialist,Jakarta Utara,"IDR 9,000,000 - IDR 12,600,000",https://www.jobstreet.co.id/id/job/organization-development-specialist-4516379?jobId=jobstreet-id-job-4516379&sectionRank=995&token=0~6743374a-dc0b-4223-9a6d-434ff58c2700&fr=SRP%20Job%20Listing
PT Babatan Kusuma Jaya,Sales Analyst,Surabaya,"IDR 4,500,000 - IDR 6,000,000",https://www.jobstreet.co.id/id/job/sales-analyst-4518046?jobId=jobstreet-id-job-4518046&sectionRank=1237&token=0~b21ab8e8-4690-41a6-ab61-928f58cdf4d1&fr=SRP%20Job%20Listing
PT Tenaga Kimia Indonesia,HR & LEGAL,Jakarta Raya,"IDR 7,000,000 - IDR 8,000,000",https://www.jobstreet.co.id/id/job/hr-legal-4517172?jobId=jobstreet-id-job-4517172&sectionRank=365&token=0~47629d01-d935-4b57-9162-1c02868ee0b9&fr=SRP%20Job%20Listing
CGR Group,Project Manager Real Estate Developer,Sidoarjo,"IDR 5,000,000 - IDR 10,000,000",https://www.jobstreet.co.id/id/job/project-manager-real-estate-developer-4516501?jobId=jobstreet-id-job-4516501&sectionRank=1414&token=0~a123045e-e805-4720-b5aa-1d52aaa35583&fr=SRP%20Job%20Listing
PT. Semesta Mandiri Indonesia (SEMINDO),PLANNER,Kalimantan Timur,"IDR 7,000,000 - IDR 8,000,000",https://www.jobstreet.co.id/id/job/planner-4515869?jobId=jobstreet-id-job-4515869&sectionRank=1686&token=0~163eaba1-3577-4cbf-a0c7-9bad499815c9&fr=SRP%20Job%20Listing
PT Gunaseva Edu Vokasi,Purchasing Staff,Depok,"IDR 3,000,000 - IDR 4,500,000",https://www.jobstreet.co.id/id/job/purchasing-staff-4517698?jobId=jobstreet-id-job-4517698&sectionRank=516&token=0~dd516bf6-5332-4c7b-9a8a-48ed50ccaa8c&fr=SRP%20Job%20Listing
Mikkro Espresso,HRD,Jakarta Selatan,"IDR 5,000,000 - IDR 8,000,000",https://www.jobstreet.co.id/id/job/hrd-4516257?jobId=jobstreet-id-job-4516257&sectionRank=604&token=0~1a68a61f-fa54-4d01-b774-c14e65eb37dc&fr=SRP%20Job%20Listing
PT. Papertech Indonesia,Operator QC (Quality Control),Jawa Barat,"IDR 4,000,000 - IDR 5,000,000",https://www.jobstreet.co.id/id/job/operator-qc-quality-control-4517694?jobId=jobstreet-id-job-4517694&sectionRank=36&token=0~adbd6dd3-5959-47db-bb19-0260ad7ef617&fr=SRP%20Job%20Listing
PT JAC Consulting Indonesia,Junior Business Coordinator (Trading Company),Jakarta Selatan,"IDR 5,280,000 - IDR 7,500,000",https://www.jobstreet.co.id/id/job/junior-business-coordinator-trading-company-4517475?jobId=jobstreet-id-job-4517475&sectionRank=1087&token=0~530a1051-fbd7-4ad9-80af-8bc7dc7ecb1f&fr=SRP%20Job%20Listing
Multi Prima Entakai (Jakarta),Accounting Staff,Jakarta Barat,"IDR 4,500,000 - IDR 6,300,000",https://www.jobstreet.co.id/id/job/accounting-staff-4515194?jobId=jobstreet-id-job-4515194&sectionRank=1324&token=0~dbc4da5f-01bc-4e1e-81b3-7f096b018cb5&fr=SRP%20Job%20Listing
PT. ALDMIC COOPN DIGITAL,Brand Marketing,Jakarta Barat,"IDR 8,000,000 - IDR 11,200,000",https://www.jobstreet.co.id/id/job/brand-marketing-4517997?jobId=jobstreet-id-job-4517997&sectionRank=1055&token=0~b12aad0d-ce7f-4b2e-925a-fc38787a2ad5&fr=SRP%20Job%20Listing
PT Higienis Indonesia,Green Ambassador - Sustainability Solutions,Jakarta Raya,"IDR 10,000,000 - IDR 20,000,000",https://www.jobstreet.co.id/id/job/green-ambassador-sustainability-solutions-4516717?jobId=jobstreet-id-job-4516717&sectionRank=400&token=0~e7a7d03f-ca41-48a0-8ecc-c39f99367986&fr=SRP%20Job%20Listing
PT Modal Ventura YCAB,RELATIONSHIP OFFICER - GRAMEEN,Jakarta Raya,"IDR 3,000,000 - IDR 5,000,000",https://www.jobstreet.co.id/id/job/relationship-officer-grameen-4518136?jobId=jobstreet-id-job-4518136&sectionRank=1568&token=0~00b4b701-5616-4a55-99bb-fcbaf55b100e&fr=SRP%20Job%20Listing
PT Asuransi Allianz Life Indonesia (BancassuranceDivison),Telemarketing WALK-IN INTERVIEW & PENEMPATAN BSD,Tangerang,"IDR 3,000,000 - IDR 4,000,000",https://www.jobstreet.co.id/id/job/telemarketing-walk-in-interview-penempatan-bsd-4518276?jobId=jobstreet-id-job-4518276&sectionRank=635&token=0~29cd02b4-34e8-4cc4-b20a-a31d03be727e&fr=SRP%20Job%20Listing
UD Tunggal Jaya (Surabaya),Staff Kantor,Surabaya,"IDR 3,000,000 - IDR 4,000,000",https://www.jobstreet.co.id/id/job/staff-kantor-4514430?jobId=jobstreet-id-job-4514430&sectionRank=1238&token=0~b21ab8e8-4690-41a6-ab61-928f58cdf4d1&fr=SRP%20Job%20Listing
PT. Gama Agro Sejati,LOGISTIC STAFF,Semarang,"IDR 3,000,000 - IDR 4,000,000",https://www.jobstreet.co.id/id/job/logistic-staff-4517067?jobId=jobstreet-id-job-4517067&sectionRank=366&token=0~47629d01-d935-4b57-9162-1c02868ee0b9&fr=SRP%20Job%20Listing
PT Mirah Global Investment,IT Manager,Badung,"IDR 10,000,000 - IDR 14,000,000",https://www.jobstreet.co.id/id/job/it-manager-4515730?jobId=jobstreet-id-job-4515730&sectionRank=908&token=0~0e9d65d8-9a7f-44cf-9d81-0faeef19653c&fr=SRP%20Job%20Listing
Nanyang Food Management,STORE CREW/BARISTA,Jakarta Raya,"IDR 3,000,000 - IDR 4,000,000",https://www.jobstreet.co.id/id/job/store-crew-barista-4518109?jobId=jobstreet-id-job-4518109&sectionRank=305&token=0~216fad1f-2284-41a8-b169-81337b034e9c&fr=SRP%20Job%20Listing
PT Surya Ekspress Mulia,Help Desk Specialist,Batam,"IDR 4,000,000 - IDR 5,500,000",https://www.jobstreet.co.id/id/job/help-desk-specialist-4516993?jobId=jobstreet-id-job-4516993&sectionRank=1325&token=0~dbc4da5f-01bc-4e1e-81b3-7f096b018cb5&fr=SRP%20Job%20Listing
Hasta Buana Raya,Finance Staff,Jakarta Timur,"IDR 4,000,000 - IDR 5,600,000",https://www.jobstreet.co.id/id/job/finance-staff-4515669?jobId=jobstreet-id-job-4515669&sectionRank=1056&token=0~b12aad0d-ce7f-4b2e-925a-fc38787a2ad5&fr=SRP%20Job%20Listing
"PT Mark Dynamics Indonesia, Tbk",Management Trainee (MT),Sumatera Utara,"IDR 8,000,000 - IDR 11,200,000",https://www.jobstreet.co.id/id/job/management-trainee-mt-4518567?jobId=jobstreet-id-job-4518567&sectionRank=401&token=0~e7a7d03f-ca41-48a0-8ecc-c39f99367986&fr=SRP%20Job%20Listing
PT ACCENTUATES,HR Officer,Jakarta Raya,"IDR 5,000,000 - IDR 6,000,000",https://www.jobstreet.co.id/id/job/hr-officer-4513822?jobId=jobstreet-id-job-4513822&sectionRank=1569&token=0~00b4b701-5616-4a55-99bb-fcbaf55b100e&fr=SRP%20Job%20Listing
PT Karya Bintang Mandiri,Operator & Op. Control Room Furnace,Sidoarjo,"IDR 4,000,000 - IDR 7,000,000",https://www.jobstreet.co.id/id/job/operator-op.-control-room-furnace-4518975?jobId=jobstreet-id-job-4518975&sectionRank=367&token=0~47629d01-d935-4b57-9162-1c02868ee0b9&fr=SRP%20Job%20Listing
PT Mitracomm Ekasarana,ADMIN SALES,Jawa Timur,"IDR 4,500,000 - IDR 5,000,000",https://www.jobstreet.co.id/id/job/admin-sales-4517915?jobId=jobstreet-id-job-4517915&sectionRank=278&token=0~85ea0121-5607-4751-b85f-ae8600cd99cc&fr=SRP%20Job%20Listing
CSTI,K3 EXPERT ( HEALTHY AND SAFETY ENVIRONMENT),Karawang,"IDR 6,500,000 - IDR 8,600,000",https://www.jobstreet.co.id/id/job/k3-expert-healthy-and-safety-environment-4518961?jobId=jobstreet-id-job-4518961&sectionRank=518&token=0~dd516bf6-5332-4c7b-9a8a-48ed50ccaa8c&fr=SRP%20Job%20Listing
PT. Graha Perdana Indah,Sales Executive Property,Depok,"IDR 3,000,000 - IDR 3,500,000",https://www.jobstreet.co.id/id/job/sales-executive-property-4518623?jobId=jobstreet-id-job-4518623&sectionRank=728&token=0~f5325532-66cf-4ead-82a5-50cf12a31ba1&fr=SRP%20Job%20Listing
PT Cendana INDOPEARLS (Atlas South Sea Pearl),Site Bengkel Manager,Nusa Tenggara Timur,"IDR 8,000,000 - IDR 11,200,000",https://www.jobstreet.co.id/id/job/site-bengkel-manager-4516126?jobId=jobstreet-id-job-4516126&sectionRank=1326&token=0~dbc4da5f-01bc-4e1e-81b3-7f096b018cb5&fr=SRP%20Job%20Listing
PT Honda Prospect Motor,Organizational Development Staff,Karawang,"IDR 8,000,000 - IDR 9,000,000",https://www.jobstreet.co.id/id/job/organizational-development-staff-4514981?jobId=jobstreet-id-job-4514981&sectionRank=96&token=0~c50536a6-5a50-42d5-b949-ab10e5e60cbd&fr=SRP%20Job%20Listing
PT Prospera,Sosial Media Digital Marketing Tangerang Citra Balaraja Cikupa Karawaci Bitung,Tangerang,"IDR 3,500,000 - IDR 6,000,000",https://www.jobstreet.co.id/id/job/sosial-media-digital-marketing-tangerang-citra-balaraja-cikupa-karawaci-bitung-4518989?jobId=jobstreet-id-job-4518989&sectionRank=402&token=0~e7a7d03f-ca41-48a0-8ecc-c39f99367986&fr=SRP%20Job%20Listing
PT. Majoo Teknologi Indonesia,Sales Associate (Padang),Padang,"IDR 5,000,000 - IDR 6,500,000",https://www.jobstreet.co.id/id/job/sales-associate-padang-4517483?jobId=jobstreet-id-job-4517483&sectionRank=1388&token=0~969a56c5-bc12-41aa-822a-6203e6a5bc90&fr=SRP%20Job%20Listing
PT. Indo Inovasi Teknologi,Customer Relation Officer,Jakarta Raya,"IDR 6,000,000 - IDR 10,000,000",https://www.jobstreet.co.id/id/job/customer-relation-officer-4517758?jobId=jobstreet-id-job-4517758&sectionRank=245&token=0~317ce3cb-4347-4dc6-bccc-156ac6fb4b5b&fr=SRP%20Job%20Listing
PT. Protein Industri Pakan Indonesia,Supervisor Marketing,Medan,"IDR 4,000,000 - IDR 7,000,000",https://www.jobstreet.co.id/id/job/supervisor-marketing-4515928?jobId=jobstreet-id-job-4515928&sectionRank=1716&token=0~63393472-20fd-44ae-8fab-a1c860801c2d&fr=SRP%20Job%20Listing
PT I D X Partners,Database Administrator (DBA),Jakarta Raya,"IDR 7,500,000 - IDR 10,500,000",https://www.jobstreet.co.id/id/job/database-administrator-dba-4518766?jobId=jobstreet-id-job-4518766&sectionRank=818&token=0~259df4d8-811e-497c-8d13-e71571f60fea&fr=SRP%20Job%20Listing
PT. Sumber Energi Surya,Secretary & Admin,Batam,"IDR 4,500,440 - IDR 6,500,000",https://www.jobstreet.co.id/id/job/secretary-admin-4517104?jobId=jobstreet-id-job-4517104&sectionRank=369&token=0~47629d01-d935-4b57-9162-1c02868ee0b9&fr=SRP%20Job%20Listing
Haideo,FINANCE AND ACCOUNTING OFFICER,Makassar,"IDR 3,500,000 - IDR 3,600,000",https://www.jobstreet.co.id/id/job/finance-and-accounting-officer-4517447?jobId=jobstreet-id-job-4517447&sectionRank=1026&token=0~8f9b6734-1c6c-4cae-9ae5-fd25712866e6&fr=SRP%20Job%20Listing
PT K-24 Indonesia,HR Recruiter,Yogyakarta,"IDR 2,800,000 - IDR 3,000,000",https://www.jobstreet.co.id/id/job/hr-recruiter-4516866?jobId=jobstreet-id-job-4516866&sectionRank=1358&token=0~56b1ee54-4da6-4925-a572-12dcbfb9dd6c&fr=SRP%20Job%20Listing
PT Lamindo Eka Perdana,Mechanical Engineering,Jakarta Selatan,"IDR 6,000,000 - IDR 9,000,000",https://www.jobstreet.co.id/id/job/mechanical-engineering-4517034?jobId=jobstreet-id-job-4517034&sectionRank=1509&token=0~7269ef9c-7c5e-4f51-9794-97b3eba48d90&fr=SRP%20Job%20Listing
PT Krakatau Posco,Internal Auditor,Cilegon,"IDR 7,500,000 - IDR 13,000,000",https://www.jobstreet.co.id/id/job/internal-auditor-4516988?jobId=jobstreet-id-job-4516988&sectionRank=1689&token=0~163eaba1-3577-4cbf-a0c7-9bad499815c9&fr=SRP%20Job%20Listing
Bababoo Home,Content Creator,Surabaya,"IDR 3,300,000 - IDR 4,620,000",https://www.jobstreet.co.id/id/job/content-creator-4518381?jobId=jobstreet-id-job-4518381&sectionRank=1028&token=0~8f9b6734-1c6c-4cae-9ae5-fd25712866e6&fr=SRP%20Job%20Listing
PT. Graha Usada Nusantara,Business Development,Jakarta Selatan,"IDR 5,000,000 - IDR 6,000,000",https://www.jobstreet.co.id/id/job/business-development-4518866?jobId=jobstreet-id-job-4518866&sectionRank=549&token=0~34ba7601-569b-43b3-a8ca-6dbf5ca09d7e&fr=SRP%20Job%20Listing
Sunrecruit Indonesia,GM Operational Property - Landed,Jakarta Raya,"IDR 25,000,000 - IDR 45,000,000",https://www.jobstreet.co.id/id/job/gm-operational-property-landed-4517289?jobId=jobstreet-id-job-4517289&sectionRank=220&token=0~af8a99b7-4565-4a40-a9a2-75a6e3bca5c9&fr=SRP%20Job%20Listing
PT JAC Consulting Indonesia,HR Generalist Supervisor (Language Course Company),Jakarta Selatan,"IDR 10,000,000 - IDR 14,000,000",https://www.jobstreet.co.id/id/job/hr-generalist-supervisor-language-course-company-4518663?jobId=jobstreet-id-job-4518663&sectionRank=971&token=0~eac63e12-d402-4063-b1fd-a9d1a5c15d57&fr=SRP%20Job%20Listing
PT Minda Asean Automotive,HRD & GA Staff (Recruitment & Training Staff),Karawang,"IDR 6,000,000 - IDR 6,500,000",https://www.jobstreet.co.id/id/job/hrd-ga-staff-recruitment-training-staff-4516551?jobId=jobstreet-id-job-4516551&sectionRank=703&token=0~9abdf574-e804-454c-acd0-3191ba3bbbbb&fr=SRP%20Job%20Listing
Indanung,Marketing,Jakarta Utara,"IDR 4,000,000 - IDR 5,600,000",https://www.jobstreet.co.id/id/job/marketing-4515634?jobId=jobstreet-id-job-4515634&sectionRank=1690&token=0~163eaba1-3577-4cbf-a0c7-9bad499815c9&fr=SRP%20Job%20Listing
PT Pasti Super Pedas,Social Media and Creative Marketing Staff,Jakarta Barat,"IDR 4,000,000 - IDR 5,500,000",https://www.jobstreet.co.id/id/job/social-media-and-creative-marketing-staff-4517451?jobId=jobstreet-id-job-4517451&sectionRank=1572&token=0~00b4b701-5616-4a55-99bb-fcbaf55b100e&fr=SRP%20Job%20Listing
PT Gading Murni (Head Office),Assistant Director,Surabaya,"IDR 7,000,000 - IDR 10,000,000",https://www.jobstreet.co.id/id/job/assistant-director-4516911?jobId=jobstreet-id-job-4516911&sectionRank=430&token=0~ef7a49e1-9c88-4ea8-8c60-e1803c396a7e&fr=SRP%20Job%20Listing
Propertia Bali,Social Media Assistant,Bali,"IDR 5,000,000 - IDR 10,000,000",https://www.jobstreet.co.id/id/job/social-media-assistant-4515383?jobId=jobstreet-id-job-4515383&sectionRank=159&token=0~09511eb4-c57d-48c2-8152-d0ef3402ab7a&fr=SRP%20Job%20Listing
PT. Tritunggal Buana Sejahtera,Desk Collection,Tangerang,"IDR 3,800,000 - IDR 5,000,000",https://www.jobstreet.co.id/id/job/desk-collection-4516378?jobId=jobstreet-id-job-4516378&sectionRank=1719&token=0~63393472-20fd-44ae-8fab-a1c860801c2d&fr=SRP%20Job%20Listing
PT Mega Advans Teknologi,Sales Canvasser,Balikpapan,"IDR 3,200,000 - IDR 4,000,000",https://www.jobstreet.co.id/id/job/sales-canvasser-4516709?jobId=jobstreet-id-job-4516709&sectionRank=1153&token=0~03af6f7a-bc29-4bc0-a38a-a085effd5373&fr=SRP%20Job%20Listing
Perusahaan Dirahasiakan,Personal Assistant,Jakarta Pusat,"IDR 7,000,000 - IDR 10,000,000",https://www.jobstreet.co.id/id/job/personal-assistant-4516357?jobId=jobstreet-id-job-4516357&sectionRank=40&token=0~adbd6dd3-5959-47db-bb19-0260ad7ef617&fr=SRP%20Job%20Listing
PT Multi Karya Garmentexindo,Creative Director,Tangerang,"IDR 5,000,000 - IDR 10,000,000",https://www.jobstreet.co.id/id/job/creative-director-4519038?jobId=jobstreet-id-job-4519038&sectionRank=731&token=0~f5325532-66cf-4ead-82a5-50cf12a31ba1&fr=SRP%20Job%20Listing
PT Gavi Unggul Niaga Adika,Sales TO Cianjur Sukabumi,Bogor,"IDR 3,900,000 - IDR 7,000,000",https://www.jobstreet.co.id/id/job/sales-to-cianjur-sukabumi-4517771?jobId=jobstreet-id-job-4517771&sectionRank=1748&token=0~608a6c2c-dd21-4f49-9247-da9edf28ab3c&fr=SRP%20Job%20Listing
PT Bumi Estetika Perkasa,"Sales Executive area Bandung, Kalimantan, dan Bali",Jakarta Raya,"IDR 5,000,000 - IDR 6,000,000",https://www.jobstreet.co.id/id/job/sales-executive-area-bandung-kalimantan-dan-bali-4519061?jobId=jobstreet-id-job-4519061&sectionRank=1511&token=0~7269ef9c-7c5e-4f51-9794-97b3eba48d90&fr=SRP%20Job%20Listing
PT Jaya Fermex,Asst Technical Baker - Yogyakarta,Yogyakarta,"IDR 5,000,000 - IDR 7,000,000",https://www.jobstreet.co.id/id/job/asst-technical-baker-yogyakarta-4517662?jobId=jobstreet-id-job-4517662&sectionRank=1209&token=0~6c00a9e9-67aa-49a6-b7b3-50951106fb24&fr=SRP%20Job%20Listing
PT PRU WINNER Jkt,Sales and Marketing Development Program,Jakarta Raya,"IDR 7,000,000 - IDR 14,000,000",https://www.jobstreet.co.id/id/job/sales-and-marketing-development-program-4518638?jobId=jobstreet-id-job-4518638&sectionRank=160&token=0~09511eb4-c57d-48c2-8152-d0ef3402ab7a&fr=SRP%20Job%20Listing
PT. SATU BISNIS INDONESIA,Content Creator,Tangerang,"IDR 5,000,000 - IDR 8,000,000",https://www.jobstreet.co.id/id/job/content-creator-4517487?jobId=jobstreet-id-job-4517487&sectionRank=1481&token=0~39aee3b0-1669-4866-a268-361e61dec0c5&fr=SRP%20Job%20Listing
PT Benberg Arome Indonesia,SENIOR EXECUTIVE ASSISTANT DIRECTOR,Surabaya,"IDR 17,000,000 - IDR 25,000,000",https://www.jobstreet.co.id/id/job/senior-executive-assistant-director-4518741?jobId=jobstreet-id-job-4518741&sectionRank=1154&token=0~03af6f7a-bc29-4bc0-a38a-a085effd5373&fr=SRP%20Job%20Listing
PT EKA AGENCY MANAGEMENT (GA STAR VISION GROUP MANULIFE INDONESIA),BUSINESS DIRECTOR,Jakarta Raya,"IDR 18,000,000 - IDR 36,000,000",https://www.jobstreet.co.id/id/job/business-director-4517420?jobId=jobstreet-id-job-4517420&sectionRank=791&token=0~3a8477aa-9b52-4135-8403-7aca5dd8cdd6&fr=SRP%20Job%20Listing
PT. INTISUMBER BAJASAKTI,Recruitment Staff,Jakarta Utara,"IDR 7,402,000 - IDR 10,362,800",https://www.jobstreet.co.id/id/job/recruitment-staff-4516385?jobId=jobstreet-id-job-4516385&sectionRank=460&token=0~fa33a9c2-ef25-4896-ae6f-cb49ef52425e&fr=SRP%20Job%20Listing
PT Susu Life Indonesia,Sales Support Part-Time,Jakarta Barat,"IDR 3,500,000 - IDR 3,500,010",https://www.jobstreet.co.id/id/job/sales-support-part-time-4515554?jobId=jobstreet-id-job-4515554&sectionRank=883&token=0~e524793e-7696-4cf3-9951-aaaf124ca4ee&fr=SRP%20Job%20Listing
PT Timbercraft Ecolestari,DRAFTER & MARKETING SUPPORT,Jakarta Selatan,"IDR 6,500,000 - IDR 7,500,000",https://www.jobstreet.co.id/id/job/drafter-marketing-support-4517081?jobId=jobstreet-id-job-4517081&sectionRank=1210&token=0~6c00a9e9-67aa-49a6-b7b3-50951106fb24&fr=SRP%20Job%20Listing
FAP Agri Group,Asisten Kepala Land Clearing,Nunukan,"IDR 8,500,000 - IDR 11,900,000",https://www.jobstreet.co.id/id/job/asisten-kepala-land-clearing-4515826?jobId=jobstreet-id-job-4515826&sectionRank=1302&token=0~a22ac313-8f6f-48d8-9304-5d2499f6bb7f&fr=SRP%20Job%20Listing
PT.Metaline Technology Indonesia,Molding Engineer,Batam,"IDR 8,000,000 - IDR 11,000,000",https://www.jobstreet.co.id/id/job/molding-engineer-4516178?jobId=jobstreet-id-job-4516178&sectionRank=1331&token=0~dbc4da5f-01bc-4e1e-81b3-7f096b018cb5&fr=SRP%20Job%20Listing
PT Dom Pizza Indonesia,Recruitment Staff,Jakarta Raya,"IDR 5,000,000 - IDR 5,500,000",https://www.jobstreet.co.id/id/job/recruitment-staff-4517048?jobId=jobstreet-id-job-4517048&sectionRank=433&token=0~ef7a49e1-9c88-4ea8-8c60-e1803c396a7e&fr=SRP%20Job%20Listing
PT. IBU ANAK SUKSES,Content Creator Tiktok,Surabaya,"IDR 4,500,000 - IDR 6,000,000",https://www.jobstreet.co.id/id/job/content-creator-tiktok-4518027?jobId=jobstreet-id-job-4518027&sectionRank=884&token=0~e524793e-7696-4cf3-9951-aaaf124ca4ee&fr=SRP%20Job%20Listing
PT Triyakom,Music Publishing,Jakarta Raya,"IDR 5,500,000 - IDR 7,700,000",https://www.jobstreet.co.id/id/job/music-publishing-4518052?jobId=jobstreet-id-job-4518052&sectionRank=1123&token=0~7685761f-7cd2-460e-bd30-c338616c3175&fr=SRP%20Job%20Listing
Maekawa Mandiri International,SWITCHBOARD DESIGN,Bekasi,"IDR 5,500,000 - IDR 10,000,000",https://www.jobstreet.co.id/id/job/switchboard-design-4517800?jobId=jobstreet-id-job-4517800&sectionRank=761&token=0~fb765531-069c-4b8a-93f7-1cfabaa92c85&fr=SRP%20Job%20Listing
PT Neuroteknologi Edukasi Indonesia,Sales & Customer Support,Jakarta Raya,"IDR 4,800,000 - IDR 6,000,000",https://www.jobstreet.co.id/id/job/sales-customer-support-4517567?jobId=jobstreet-id-job-4517567&sectionRank=101&token=0~c50536a6-5a50-42d5-b949-ab10e5e60cbd&fr=SRP%20Job%20Listing
PT Solaris Scientific Indonesia,Accounts Manager,Jakarta Pusat,"IDR 7,500,000 - IDR 10,500,000",https://www.jobstreet.co.id/id/job/accounts-manager-4517833?jobId=jobstreet-id-job-4517833&sectionRank=190&token=0~049678d9-f67a-42fa-825c-0dd3c9070d3e&fr=SRP%20Job%20Listing
PT. Sun Logistics,HR GA Staff,Jakarta Utara,"IDR 3,500,000 - IDR 5,500,000",https://www.jobstreet.co.id/id/job/hr-ga-staff-4514940?jobId=jobstreet-id-job-4514940&sectionRank=1394&token=0~969a56c5-bc12-41aa-822a-6203e6a5bc90&fr=SRP%20Job%20Listing
PT. Beauty Source Indonesia,Prinsipal Representative (offline sales),Bali,"IDR 3,500,000 - IDR 6,000,000",https://www.jobstreet.co.id/id/job/prinsipal-representative-offline-sales-4518981?jobId=jobstreet-id-job-4518981&sectionRank=132&token=0~958bc18d-13dc-4bd8-a7c4-bbbdacfd70ce&fr=SRP%20Job%20Listing
PT AXA Mandiri Financial Services,FINANCIAL ADVISOR - MANADO,Manado,"IDR 2,500,000 - IDR 3,250,000",https://www.jobstreet.co.id/id/job/financial-advisor-manado-4517295?jobId=jobstreet-id-job-4517295&sectionRank=1003&token=0~6743374a-dc0b-4223-9a6d-434ff58c2700&fr=SRP%20Job%20Listing
Harvest Edukasi,Account Executive,Jakarta Raya,"IDR 4,000,000 - IDR 6,000,000",https://www.jobstreet.co.id/id/job/account-executive-4518958?jobId=jobstreet-id-job-4518958&sectionRank=913&token=0~0e9d65d8-9a7f-44cf-9d81-0faeef19653c&fr=SRP%20Job%20Listing
PT ACCENTUATES,Field Trainer (Trainer HP),Sulawesi Tenggara,"IDR 4,000,000 - IDR 6,000,000",https://www.jobstreet.co.id/id/job/field-trainer-trainer-hp-4519083?jobId=jobstreet-id-job-4519083&sectionRank=407&token=0~e7a7d03f-ca41-48a0-8ecc-c39f99367986&fr=SRP%20Job%20Listing
Diandra Clinic,PERAWAT,Jawa Timur,"IDR 4,000,000 - IDR 5,600,000",https://www.jobstreet.co.id/id/job/perawat-4516737?jobId=jobstreet-id-job-4516737&sectionRank=1632&token=0~1d08b392-603d-4cf8-be40-3438bb9b0397&fr=SRP%20Job%20Listing
CSTI,STAFF EXIM ( EXPORT - IMPORT ),Karawang,"IDR 5,600,000 - IDR 6,900,000",https://www.jobstreet.co.id/id/job/staff-exim-export-import-4518973?jobId=jobstreet-id-job-4518973&sectionRank=310&token=0~216fad1f-2284-41a8-b169-81337b034e9c&fr=SRP%20Job%20Listing
PT Galva Galindra Multi Cipta,Administrasi Staff Denpasar,Denpasar,"IDR 3,300,000 - IDR 5,000,000",https://www.jobstreet.co.id/id/job/administrasi-staff-denpasar-4514550?jobId=jobstreet-id-job-4514550&sectionRank=552&token=0~34ba7601-569b-43b3-a8ca-6dbf5ca09d7e&fr=SRP%20Job%20Listing
Eka Dharma Nusantara,KTPA - ATPA (Tim Penyusun AMDAL),Bekasi,"IDR 6,000,000 - IDR 9,000,000",https://www.jobstreet.co.id/id/job/ktpa-atpa-tim-penyusun-amdal-4517981?jobId=jobstreet-id-job-4517981&sectionRank=580&token=0~dfc31a67-8fac-4af6-bf91-034f9be4e42f&fr=SRP%20Job%20Listing
CV Wijaya Machinery,Marketing Support,Jakarta Utara,"IDR 4,500,000 - IDR 5,500,000",https://www.jobstreet.co.id/id/job/marketing-support-4518625?jobId=jobstreet-id-job-4518625&sectionRank=1543&token=0~5e3009b4-0c2b-4505-85fd-88b25abb3cb1&fr=SRP%20Job%20Listing
PT Kahar Duta Sarana,ACCOUNT MANAGER B2B,Yogyakarta,"IDR 5,000,000 - IDR 8,000,000",https://www.jobstreet.co.id/id/job/account-manager-b2b-4517657?jobId=jobstreet-id-job-4517657&sectionRank=133&token=0~958bc18d-13dc-4bd8-a7c4-bbbdacfd70ce&fr=SRP%20Job%20Listing
PT Baraka Sarana Tama,Management Trainee Head of Branch Operations,Banjarmasin,"IDR 3,200,000 - IDR 3,400,000",https://www.jobstreet.co.id/id/job/management-trainee-head-of-branch-operations-4518854?jobId=jobstreet-id-job-4518854&sectionRank=374&token=0~47629d01-d935-4b57-9162-1c02868ee0b9&fr=SRP%20Job%20Listing
PT Sinarmonas Industries,Supervisor Laboratorium Chemical,Tangerang,"IDR 6,000,000 - IDR 8,000,000",https://www.jobstreet.co.id/id/job/supervisor-laboratorium-chemical-4518481?jobId=jobstreet-id-job-4518481&sectionRank=762&token=0~fb765531-069c-4b8a-93f7-1cfabaa92c85&fr=SRP%20Job%20Listing
Perusahaan Dirahasiakan,FINANCE ADMIN PERKEBUNAN - SUMATERA UTARA,Sumatera Utara,"IDR 4,000,000 - IDR 5,000,000",https://www.jobstreet.co.id/id/job/finance-admin-perkebunan-sumatera-utara-4517623?jobId=jobstreet-id-job-4517623&sectionRank=284&token=0~85ea0121-5607-4751-b85f-ae8600cd99cc&fr=SRP%20Job%20Listing
RGF HR Agent Indonesia,QC Manager - Construction (B-100237),Jakarta Selatan,"IDR 15,000,000 - IDR 20,000,000",https://www.jobstreet.co.id/id/job/qc-manager-construction-b-100237-4518672?jobId=jobstreet-id-job-4518672&sectionRank=191&token=0~049678d9-f67a-42fa-825c-0dd3c9070d3e&fr=SRP%20Job%20Listing
PT Deprintz Sukses Sejahtera,Videografer Staff,Surabaya,"IDR 2,800,000 - IDR 3,000,000",https://www.jobstreet.co.id/id/job/videografer-staff-4518930?jobId=jobstreet-id-job-4518930&sectionRank=341&token=0~b63339e4-722a-4e5f-a7a1-2963cb6531b9&fr=SRP%20Job%20Listing
Precious Dental Care,Manajer Operasional,Jakarta Utara,"IDR 6,000,000 - IDR 8,400,000",https://www.jobstreet.co.id/id/job/manajer-operasional-4516137?jobId=jobstreet-id-job-4516137&sectionRank=642&token=0~29cd02b4-34e8-4cc4-b20a-a31d03be727e&fr=SRP%20Job%20Listing
PT Deus Ex Machina Indonesia,Sales Promotion (Sales Promotion),Badung,"IDR 4,000,000 - IDR 4,500,000",https://www.jobstreet.co.id/id/job/sales-promotion-sales-promotion-4518022?jobId=jobstreet-id-job-4518022&sectionRank=1693&token=0~163eaba1-3577-4cbf-a0c7-9bad499815c9&fr=SRP%20Job%20Listing
PT. Tsingshan Steel Indonesia,Guest Attendant 接待员,Sulawesi Tengah,"IDR 12,000,000 - IDR 14,000,000",https://www.jobstreet.co.id/id/job/guest-attendant-%E6%8E%A5%E5%BE%85%E5%91%98-4519064?jobId=jobstreet-id-job-4519064&sectionRank=11&token=0~c3cc334b-459c-4821-a769-8334fd2ef181&fr=SRP%20Job%20Listing
PT Lamindo Eka Perdana,Administrasi Management Business,Jakarta Selatan,"IDR 5,000,000 - IDR 6,000,000",https://www.jobstreet.co.id/id/job/administrasi-management-business-4517108?jobId=jobstreet-id-job-4517108&sectionRank=311&token=0~216fad1f-2284-41a8-b169-81337b034e9c&fr=SRP%20Job%20Listing
"PT Tigaraksa Satria, Tbk",Admin Gudang Temporary (Manado),Manado,"PT. Tigaraksa Satria, Tbk was initially established in 1988 and listed in IDX since 1990. The company is engaged in the business of sales and distribution in a national wide scale. Currently, activities run by the company through its business unit and subsidiaries are Consumer Products, Direct selling of Educational Products, Gas Refill & appliances, and dry milk manufacture. So that every Indonesian has access to life essentials. Nowadays, we provide avenues to grow for our trade channels and our principals. Among our principals are PT. Sari Husada, PT. Nutricia Indonesia Sejahtera, PT. Wyeth Indonesia, PT. Mars Symbioscience Indonesia, PT. Colgate-Palmolive Indonesia, PT. Yupi Indo Jelly Gum,etc. Now our company has been employing 1700 people covers 33 branches all over Indonesia. In Year 2015, our sales revenue was about IDR 9.505 Trilion. People is the key of our success. At this moment, we are looking for a highly motivated professional to join us.  Please visit our website :www.tigaraksa.co.id &www.tigaraksa-ep.id to know further about us.",https://www.jobstreet.co.id/id/job/admin-gudang-temporary-manado-4518230?jobId=jobstreet-id-job-4518230&sectionRank=251&token=0~317ce3cb-4347-4dc6-bccc-156ac6fb4b5b&fr=SRP%20Job%20Listing
PT. INTISUMBER BAJASAKTI,Expedition Staff,Jakarta Utara,"IDR 7,402,000 - IDR 10,362,800",https://www.jobstreet.co.id/id/job/expedition-staff-4514465?jobId=jobstreet-id-job-4514465&sectionRank=1034&token=0~8f9b6734-1c6c-4cae-9ae5-fd25712866e6&fr=SRP%20Job%20Listing
PT. ALUMINDO BERKAT SEJAHTERA,Admin Sales Support Export dan Import,Jakarta Barat,"IDR 5,000,000 - IDR 6,000,000",https://www.jobstreet.co.id/id/job/admin-sales-support-export-dan-import-4516573?jobId=jobstreet-id-job-4516573&sectionRank=1005&token=0~6743374a-dc0b-4223-9a6d-434ff58c2700&fr=SRP%20Job%20Listing
PT JAC Konsultan Indonesia,Digital Marketing Denpasar Bali,Denpasar,"IDR 4,000,000 - IDR 5,000,000",https://www.jobstreet.co.id/id/job/digital-marketing-denpasar-bali-4518951?jobId=jobstreet-id-job-4518951&sectionRank=853&token=0~68d93af3-a6e7-4b49-96dd-1e40171a9a41&fr=SRP%20Job%20Listing
Pondok Lensa,"Retail Customer Service (Batch II, Surabaya 2023)",Surabaya,"IDR 3,700,000 - IDR 4,200,000",https://www.jobstreet.co.id/id/job/retail-customer-service-batch-ii-surabaya-2023-4517650?jobId=jobstreet-id-job-4517650&sectionRank=375&token=0~47629d01-d935-4b57-9162-1c02868ee0b9&fr=SRP%20Job%20Listing
PT Wook Global Technology,Admin & After Sales Services (Area Surabaya),Surabaya,"IDR 5,000,000 - IDR 7,000,000",https://www.jobstreet.co.id/id/job/admin-after-sales-services-area-surabaya-4518769?jobId=jobstreet-id-job-4518769&sectionRank=491&token=0~be21975e-a1bb-4259-aedf-42dd5afdca92&fr=SRP%20Job%20Listing
PT Berkah Permata Logistik,Sales Forwarder/Logistik,Jakarta Barat,"IDR 4,000,000 - IDR 8,000,000",https://www.jobstreet.co.id/id/job/sales-forwarder-logistik-4518316?jobId=jobstreet-id-job-4518316&sectionRank=1361&token=0~56b1ee54-4da6-4925-a572-12dcbfb9dd6c&fr=SRP%20Job%20Listing
PT Tanu Alvindo Perkasa,Accounting Staff,Karawang,"IDR 5,000,000 - IDR 7,000,000",https://www.jobstreet.co.id/id/job/accounting-staff-4517481?jobId=jobstreet-id-job-4517481&sectionRank=763&token=0~fb765531-069c-4b8a-93f7-1cfabaa92c85&fr=SRP%20Job%20Listing
PT ACCENTUATES,HR Officer area Yogyakarta & Solo,Yogyakarta,"IDR 5,000,000 - IDR 6,000,000",https://www.jobstreet.co.id/id/job/hr-officer-area-yogyakarta-solo-4519078?jobId=jobstreet-id-job-4519078&sectionRank=285&token=0~85ea0121-5607-4751-b85f-ae8600cd99cc&fr=SRP%20Job%20Listing
PT. Kanemory Food Service,Maintenance Leader,Serang,"IDR 4,500,000 - IDR 5,500,000",https://www.jobstreet.co.id/id/job/maintenance-leader-4516593?jobId=jobstreet-id-job-4516593&sectionRank=1634&token=0~1d08b392-603d-4cf8-be40-3438bb9b0397&fr=SRP%20Job%20Listing
PT SMART CHILLERS SYSTEMS,Admin Support (BALI / LOMBOK BASED),Bali,"IDR 5,000,000 - IDR 7,000,000",https://www.jobstreet.co.id/id/job/admin-support-bali-lombok-based-4517255?jobId=jobstreet-id-job-4517255&sectionRank=312&token=0~216fad1f-2284-41a8-b169-81337b034e9c&fr=SRP%20Job%20Listing
PT Kosambi Victory Lac,Kepala Farm Tambak Udang,Lombok,"IDR 5,000,000 - IDR 10,000,000",https://www.jobstreet.co.id/id/job/kepala-farm-tambak-udang-4517867?jobId=jobstreet-id-job-4517867&sectionRank=582&token=0~dfc31a67-8fac-4af6-bf91-034f9be4e42f&fr=SRP%20Job%20Listing
PT Paramadaksa Teknologi Nusantara,Bootcamp Programmer,Banten,"IDR 6,500,000 - IDR 7,500,000",https://www.jobstreet.co.id/id/job/bootcamp-programmer-4518875?jobId=jobstreet-id-job-4518875&sectionRank=735&token=0~f5325532-66cf-4ead-82a5-50cf12a31ba1&fr=SRP%20Job%20Listing
PT. Aurora Group,Project Site Administration Officer,Asahan Kisaran,"IDR 9,000,000 - IDR 11,000,000",https://www.jobstreet.co.id/id/job/project-site-administration-officer-4515619?jobId=jobstreet-id-job-4515619&sectionRank=492&token=0~be21975e-a1bb-4259-aedf-42dd5afdca92&fr=SRP%20Job%20Listing
PT Indraco,Account Payble (AP),Sidoarjo,"IDR 4,000,000 - IDR 4,300,000",https://www.jobstreet.co.id/id/job/account-payble-ap-4518205?jobId=jobstreet-id-job-4518205&sectionRank=887&token=0~e524793e-7696-4cf3-9951-aaaf124ca4ee&fr=SRP%20Job%20Listing
KSP. Setia Multi Sarana,Sales Officer,Jakarta Barat,"IDR 3,000,000 - IDR 5,000,000",https://www.jobstreet.co.id/id/job/sales-officer-4517691?jobId=jobstreet-id-job-4517691&sectionRank=193&token=0~049678d9-f67a-42fa-825c-0dd3c9070d3e&fr=SRP%20Job%20Listing
PT Maharupa Gatra,Staf IT Support,Jakarta Utara,"IDR 5,500,000 - IDR 6,500,000",https://www.jobstreet.co.id/id/job/staf-it-support-4515964?jobId=jobstreet-id-job-4515964&sectionRank=1362&token=0~56b1ee54-4da6-4925-a572-12dcbfb9dd6c&fr=SRP%20Job%20Listing
PT Merdeka Copper Gold Tbk,IT Support,Sulawesi Tengah,"IDR 7,000,000 - IDR 9,800,000",https://www.jobstreet.co.id/id/job/it-support-4516004?jobId=jobstreet-id-job-4516004&sectionRank=1097&token=0~530a1051-fbd7-4ad9-80af-8bc7dc7ecb1f&fr=SRP%20Job%20Listing
Perusahaan Dirahasiakan,SOCIAL MEDIA AND EVENT SPECIALIST,Jakarta Raya,"IDR 5,000,000 - IDR 7,000,000",https://www.jobstreet.co.id/id/job/social-media-and-event-specialist-4519032?jobId=jobstreet-id-job-4519032&sectionRank=410&token=0~e7a7d03f-ca41-48a0-8ecc-c39f99367986&fr=SRP%20Job%20Listing
PT Bhineka Ciptabahana Pura,Site Manager,Jakarta Raya,"IDR 7,000,000 - IDR 9,000,000",https://www.jobstreet.co.id/id/job/site-manager-4517285?jobId=jobstreet-id-job-4517285&sectionRank=1609&token=0~07190b0c-aaf8-4128-9fc0-919b97badbb9&fr=SRP%20Job%20Listing
PT Warna Abadi Mitra Bersama,Accounting Staff,Sleman,"IDR 2,300,000 - IDR 2,400,000",https://www.jobstreet.co.id/id/job/accounting-staff-4517399?jobId=jobstreet-id-job-4517399&sectionRank=1159&token=0~03af6f7a-bc29-4bc0-a38a-a085effd5373&fr=SRP%20Job%20Listing
PT. Speedwork Solusi Utama,National Fleet Sales,Jakarta Raya,"IDR 5,000,000 - IDR 7,000,000",https://www.jobstreet.co.id/id/job/national-fleet-sales-4518417?jobId=jobstreet-id-job-4518417&sectionRank=1066&token=0~b12aad0d-ce7f-4b2e-925a-fc38787a2ad5&fr=SRP%20Job%20Listing
PT Thomasong Nirmala,Penguji Berkualifikasi / Petugas Proteksi Radiasi Sinar X (Dental),Jakarta Pusat,"IDR 6,000,000 - IDR 8,400,000",https://www.jobstreet.co.id/id/job/penguji-berkualifikasi-petugas-proteksi-radiasi-sinar-x-dental-4518343?jobId=jobstreet-id-job-4518343&sectionRank=1486&token=0~39aee3b0-1669-4866-a268-361e61dec0c5&fr=SRP%20Job%20Listing
PT TRS Forensics Indonesia,IT Administrator - Associate,Jakarta Selatan,"IDR 5,500,000 - IDR 8,000,000",https://www.jobstreet.co.id/id/job/it-administrator-associate-4517459?jobId=jobstreet-id-job-4517459&sectionRank=888&token=0~e524793e-7696-4cf3-9951-aaaf124ca4ee&fr=SRP%20Job%20Listing
PT. Mutiara Gemilang Indonesia,Food Stylist & Specialist Pastry,Jakarta Barat,"IDR 2,800,000 - IDR 4,000,000",https://www.jobstreet.co.id/id/job/food-stylist-specialist-pastry-4516902?jobId=jobstreet-id-job-4516902&sectionRank=194&token=0~049678d9-f67a-42fa-825c-0dd3c9070d3e&fr=SRP%20Job%20Listing
PT Mitracomm Ekasarana,CUSTOMER CARE - YOGYAKARTA,Yogyakarta,"IDR 2,200,000 - IDR 2,600,000",https://www.jobstreet.co.id/id/job/customer-care-yogyakarta-4514686?jobId=jobstreet-id-job-4514686&sectionRank=1363&token=0~56b1ee54-4da6-4925-a572-12dcbfb9dd6c&fr=SRP%20Job%20Listing
PT Ruang Kencana Indonesia,PA - Persona Assistant,Jakarta Selatan,"IDR 10,000,000 - IDR 15,000,000",https://www.jobstreet.co.id/id/job/pa-persona-assistant-4514490?jobId=jobstreet-id-job-4514490&sectionRank=1636&token=0~1d08b392-603d-4cf8-be40-3438bb9b0397&fr=SRP%20Job%20Listing
PT Prima Buana Internusa,Staff Fit Out,Jakarta Raya,"IDR 4,950,000 - IDR 5,500,000",https://www.jobstreet.co.id/id/job/staff-fit-out-4516285?jobId=jobstreet-id-job-4516285&sectionRank=1664&token=0~b43f8ea0-227b-4f79-8707-1fe18b860b53&fr=SRP%20Job%20Listing
PT HEXA PRIMA ENERGY,Purchasing Staff,Jakarta Barat,"IDR 5,000,000 - IDR 6,500,000",https://www.jobstreet.co.id/id/job/purchasing-staff-4515302?jobId=jobstreet-id-job-4515302&sectionRank=1516&token=0~7269ef9c-7c5e-4f51-9794-97b3eba48d90&fr=SRP%20Job%20Listing
PT Honda Prospect Motor,HR Administration Staff,Karawang,"IDR 8,000,000 - IDR 9,000,000",https://www.jobstreet.co.id/id/job/hr-administration-staff-4514984?jobId=jobstreet-id-job-4514984&sectionRank=436&token=0~ef7a49e1-9c88-4ea8-8c60-e1803c396a7e&fr=SRP%20Job%20Listing
PT Neuroteknologi Edukasi Indonesia,Sales & Customer Support,Jakarta Raya,"IDR 4,800,000 - IDR 6,000,000",https://www.jobstreet.co.id/id/job/sales-customer-support-4517567?jobId=jobstreet-id-job-4517567&sectionRank=195&token=0~049678d9-f67a-42fa-825c-0dd3c9070d3e&fr=SRP%20Job%20Listing
PT Gerbang Bali,Reservation Supervisor,Badung,"IDR 8,000,000 - IDR 12,000,000",https://www.jobstreet.co.id/id/job/reservation-supervisor-4518281?jobId=jobstreet-id-job-4518281&sectionRank=76&token=0~85db8393-1492-42e2-bac0-a5a10ccbf14f&fr=SRP%20Job%20Listing
PT. Gama Agro Sejati,BUSINESS DEVELOPMENT,Semarang,"IDR 4,500,000 - IDR 7,000,000",https://www.jobstreet.co.id/id/job/business-development-4519025?jobId=jobstreet-id-job-4519025&sectionRank=345&token=0~b63339e4-722a-4e5f-a7a1-2963cb6531b9&fr=SRP%20Job%20Listing
PT Global Digital Niaga,Salesman Distribution Makassar,Makassar,"IDR 3,500,000 - IDR 4,200,000",https://www.jobstreet.co.id/id/job/salesman-distribution-makassar-4518480?jobId=jobstreet-id-job-4518480&sectionRank=1068&token=0~b12aad0d-ce7f-4b2e-925a-fc38787a2ad5&fr=SRP%20Job%20Listing
PT Bina Global Transport,ACCOUNTING TAX,Jakarta Utara,"IDR 8,000,000 - IDR 15,000,000",https://www.jobstreet.co.id/id/job/accounting-tax-4516601?jobId=jobstreet-id-job-4516601&sectionRank=945&token=0~daaef54d-577d-43ba-8c0c-bc3549836958&fr=SRP%20Job%20Listing
"PT Fastfood Indonesia, Tbk ( KFC )",STAFF AUDITOR,Jakarta Selatan,"IDR 6,500,000 - IDR 7,500,000",https://www.jobstreet.co.id/id/job/staff-auditor-4516123?jobId=jobstreet-id-job-4516123&sectionRank=253&token=0~317ce3cb-4347-4dc6-bccc-156ac6fb4b5b&fr=SRP%20Job%20Listing
PT Giant Transporter Indonesia,Senior Accounting,Jakarta Utara,"IDR 7,000,000 - IDR 10,000,000",https://www.jobstreet.co.id/id/job/senior-accounting-4516019?jobId=jobstreet-id-job-4516019&sectionRank=229&token=0~af8a99b7-4565-4a40-a9a2-75a6e3bca5c9&fr=SRP%20Job%20Listing
CV Kurnia Abadi Sarana Horeka,Sales GT,Bandung,"IDR 3,000,000 - IDR 6,000,000",https://www.jobstreet.co.id/id/job/sales-gt-4518016?jobId=jobstreet-id-job-4518016&sectionRank=1397&token=0~969a56c5-bc12-41aa-822a-6203e6a5bc90&fr=SRP%20Job%20Listing
PT Daya Karsa Abadi,Building Manager,Jakarta Pusat,"IDR 6,500,000 - IDR 9,100,000",https://www.jobstreet.co.id/id/job/building-manager-4518012?jobId=jobstreet-id-job-4518012&sectionRank=1128&token=0~7685761f-7cd2-460e-bd30-c338616c3175&fr=SRP%20Job%20Listing
PT Tip Top,Staff Drafter,Jakarta Timur,"IDR 4,901,800 - IDR 5,000,000",https://www.jobstreet.co.id/id/job/staff-drafter-4516155?jobId=jobstreet-id-job-4516155&sectionRank=1754&token=0~608a6c2c-dd21-4f49-9247-da9edf28ab3c&fr=SRP%20Job%20Listing
PT Aditya Mandiri Sejahtera,Property Design,Jawa Barat,"IDR 4,500,000 - IDR 7,300,000",https://www.jobstreet.co.id/id/job/property-design-4518340?jobId=jobstreet-id-job-4518340&sectionRank=525&token=0~dd516bf6-5332-4c7b-9a8a-48ed50ccaa8c&fr=SRP%20Job%20Listing
PT. Volten International Indonesia,GRAPHIC DESIGNER ( Diutamakan Berdomisili Jakarta ),Jakarta Barat,"IDR 5,000,000 - IDR 7,000,000",https://www.jobstreet.co.id/id/job/graphic-designer-diutamakan-berdomisili-jakarta-4518604?jobId=jobstreet-id-job-4518604&sectionRank=1700&token=0~163eaba1-3577-4cbf-a0c7-9bad499815c9&fr=SRP%20Job%20Listing
pabrik air,Tekhnisi mesin produksi,Depok,"IDR 3,500,000 - IDR 4,900,000",https://www.jobstreet.co.id/id/job/tekhnisi-mesin-produksi-4517564?jobId=jobstreet-id-job-4517564&sectionRank=892&token=0~e524793e-7696-4cf3-9951-aaaf124ca4ee&fr=SRP%20Job%20Listing
PT TRILLIUN PRIMA SUKSES (Surabaya),Foreman Warehouse,Surabaya,"IDR 4,000,000 - IDR 5,500,000",https://www.jobstreet.co.id/id/job/foreman-warehouse-4518486?jobId=jobstreet-id-job-4518486&sectionRank=348&token=0~b63339e4-722a-4e5f-a7a1-2963cb6531b9&fr=SRP%20Job%20Listing
PT. HEXA DAYA SOLUSI,Safety Officer Leader,Tangerang,"IDR 7,000,000 - IDR 12,000,000",https://www.jobstreet.co.id/id/job/safety-officer-leader-4517584?jobId=jobstreet-id-job-4517584&sectionRank=919&token=0~0e9d65d8-9a7f-44cf-9d81-0faeef19653c&fr=SRP%20Job%20Listing
PT Asuransi Jiwa Sinarmas MSIG Tbk.,Telemarketing Jakarta,Jakarta Raya,"IDR 2,200,000 - IDR 3,080,000",https://www.jobstreet.co.id/id/job/telemarketing-jakarta-4516752?jobId=jobstreet-id-job-4516752&sectionRank=1612&token=0~07190b0c-aaf8-4128-9fc0-919b97badbb9&fr=SRP%20Job%20Listing
PT Lembah Tanahlot Permai,Sales Admin Staff (for Property),Bali,"IDR 3,000,000 - IDR 3,500,000",https://www.jobstreet.co.id/id/job/sales-admin-staff-for-property-4516534?jobId=jobstreet-id-job-4516534&sectionRank=1129&token=0~7685761f-7cd2-460e-bd30-c338616c3175&fr=SRP%20Job%20Listing
PT Propadu Konair Tarahubun (Plantation Key Technology),Staff Lapangan (Asisten / Mandor Kebun),Medan,"IDR 4,000,000 - IDR 5,000,000",https://www.jobstreet.co.id/id/job/staff-lapangan-asisten-mandor-kebun-4518208?jobId=jobstreet-id-job-4518208&sectionRank=255&token=0~317ce3cb-4347-4dc6-bccc-156ac6fb4b5b&fr=SRP%20Job%20Listing
PT EVOLUSI TEKNOLOGI SOLUSI,Corporate Secretary,Jakarta Barat,"IDR 4,500,000 - IDR 7,000,000",https://www.jobstreet.co.id/id/job/corporate-secretary-4518036?jobId=jobstreet-id-job-4518036&sectionRank=48&token=0~adbd6dd3-5959-47db-bb19-0260ad7ef617&fr=SRP%20Job%20Listing
PT Sinarmonas Industries,Staff LSMK3,Banten,"IDR 4,584,520 - IDR 6,000,000",https://www.jobstreet.co.id/id/job/staff-lsmk3-4518442?jobId=jobstreet-id-job-4518442&sectionRank=466&token=0~fa33a9c2-ef25-4896-ae6f-cb49ef52425e&fr=SRP%20Job%20Listing
PT. BTR INDONESIA,Foreman Warehouse,Sulawesi Tengah,"IDR 6,000,000 - IDR 8,400,000",https://www.jobstreet.co.id/id/job/foreman-warehouse-4517667?jobId=jobstreet-id-job-4517667&sectionRank=440&token=0~ef7a49e1-9c88-4ea8-8c60-e1803c396a7e&fr=SRP%20Job%20Listing
PT. Mutiara Gemilang Indonesia,Sales Marketing,Jakarta Barat,"IDR 4,000,000 - IDR 5,600,000",https://www.jobstreet.co.id/id/job/sales-marketing-4517237?jobId=jobstreet-id-job-4517237&sectionRank=1423&token=0~a123045e-e805-4720-b5aa-1d52aaa35583&fr=SRP%20Job%20Listing
PT Artemi Zenith International,PROJECT MANAGER (JAKARTA),Jakarta Raya,"IDR 4,500,000 - IDR 7,500,000",https://www.jobstreet.co.id/id/job/project-manager-jakarta-4518835?jobId=jobstreet-id-job-4518835&sectionRank=109&token=0~c50536a6-5a50-42d5-b949-ab10e5e60cbd&fr=SRP%20Job%20Listing
PT Dejavu Express,Supervisor Finance,Bogor,"IDR 5,500,000 - IDR 6,000,000",https://www.jobstreet.co.id/id/job/supervisor-finance-4516147?jobId=jobstreet-id-job-4516147&sectionRank=1641&token=0~1d08b392-603d-4cf8-be40-3438bb9b0397&fr=SRP%20Job%20Listing
PT Reka Bumi Raya,Estimator,Bekasi,"IDR 8,000,000 - IDR 12,000,000",https://www.jobstreet.co.id/id/job/estimator-4516400?jobId=jobstreet-id-job-4516400&sectionRank=1757&token=0~608a6c2c-dd21-4f49-9247-da9edf28ab3c&fr=SRP%20Job%20Listing
PT. TRIMA Global Indonesia,Operation Tour Staff,Tangerang,"IDR 7,000,000 - IDR 9,000,000",https://www.jobstreet.co.id/id/job/operation-tour-staff-4516151?jobId=jobstreet-id-job-4516151&sectionRank=1424&token=0~a123045e-e805-4720-b5aa-1d52aaa35583&fr=SRP%20Job%20Listing
PT Leapfrog Indonesia,Sales B2B,Jakarta Utara,"IDR 5,000,000 - IDR 6,000,000",https://www.jobstreet.co.id/id/job/sales-b2b-4516976?jobId=jobstreet-id-job-4516976&sectionRank=1669&token=0~b43f8ea0-227b-4f79-8707-1fe18b860b53&fr=SRP%20Job%20Listing
PT PAHAE MUARA ENERGI,Administration Staff,Depok,"IDR 3,750,000 - IDR 4,900,000",https://www.jobstreet.co.id/id/job/administration-staff-4517470?jobId=jobstreet-id-job-4517470&sectionRank=289&token=0~85ea0121-5607-4751-b85f-ae8600cd99cc&fr=SRP%20Job%20Listing
PT. BUNGSU PARAMESTI,Admin Sales,Jakarta Utara,"IDR 2,500,000 - IDR 3,500,000",https://www.jobstreet.co.id/id/job/admin-sales-4517109?jobId=jobstreet-id-job-4517109&sectionRank=800&token=0~3a8477aa-9b52-4135-8403-7aca5dd8cdd6&fr=SRP%20Job%20Listing
PT EXPAND GLOBAL INDO,OPERATOR E-COMMERCE,Jakarta Barat,"IDR 4,000,000 - IDR 5,000,000",https://www.jobstreet.co.id/id/job/operator-e-commerce-4516830?jobId=jobstreet-id-job-4516830&sectionRank=894&token=0~e524793e-7696-4cf3-9951-aaaf124ca4ee&fr=SRP%20Job%20Listing
PT Exa Mitra Solusi,ADMIN DIGITAL MARKETING,Jakarta Raya,"IDR 4,900,000 - IDR 5,500,000",https://www.jobstreet.co.id/id/job/admin-digital-marketing-4515724?jobId=jobstreet-id-job-4515724&sectionRank=1401&token=0~969a56c5-bc12-41aa-822a-6203e6a5bc90&fr=SRP%20Job%20Listing
PT LUMA TAMU RUMAH,Accounting Admin,Badung,"IDR 3,000,000 - IDR 4,200,000",https://www.jobstreet.co.id/id/job/accounting-admin-4518328?jobId=jobstreet-id-job-4518328&sectionRank=441&token=0~ef7a49e1-9c88-4ea8-8c60-e1803c396a7e&fr=SRP%20Job%20Listing
Deliveree (PT Angkut Teknologi Indonesia),Business Development Associate,Jakarta Raya,"IDR 6,000,000 - IDR 9,000,000",https://www.jobstreet.co.id/id/job/business-development-associate-4516318?jobId=jobstreet-id-job-4516318&sectionRank=1248&token=0~b21ab8e8-4690-41a6-ab61-928f58cdf4d1&fr=SRP%20Job%20Listing
CV Good Fellas Indonesia,Human Resource Manager,Surabaya,"IDR 6,000,000 - IDR 9,000,000",https://www.jobstreet.co.id/id/job/human-resource-manager-4516331?jobId=jobstreet-id-job-4516331&sectionRank=1549&token=0~5e3009b4-0c2b-4505-85fd-88b25abb3cb1&fr=SRP%20Job%20Listing
CV Teguh Semesta Karya,Staff Admin Marketing,Jakarta Raya,"IDR 3,000,000 - IDR 5,000,000",https://www.jobstreet.co.id/id/job/staff-admin-marketing-4514757?jobId=jobstreet-id-job-4514757&sectionRank=1670&token=0~b43f8ea0-227b-4f79-8707-1fe18b860b53&fr=SRP%20Job%20Listing
Haideo,LEGAL OFFICER,Makassar,"IDR 3,500,000 - IDR 3,600,000",https://www.jobstreet.co.id/id/job/legal-officer-4517426?jobId=jobstreet-id-job-4517426&sectionRank=1704&token=0~163eaba1-3577-4cbf-a0c7-9bad499815c9&fr=SRP%20Job%20Listing
PT PATINA DEKORATIF INDONESIA,FINANCE ACCOUNTING TAX & BUSINESS SUPPORT,Jakarta Selatan,"IDR 5,000,000 - IDR 7,000,000",https://www.jobstreet.co.id/id/job/finance-accounting-tax-business-support-4518738?jobId=jobstreet-id-job-4518738&sectionRank=648&token=0~29cd02b4-34e8-4cc4-b20a-a31d03be727e&fr=SRP%20Job%20Listing
Zenbu Restaurant,Leader Restaurant,Jakarta Raya,"IDR 5,000,000 - IDR 7,000,000",https://www.jobstreet.co.id/id/job/leader-restaurant-4517507?jobId=jobstreet-id-job-4517507&sectionRank=801&token=0~3a8477aa-9b52-4135-8403-7aca5dd8cdd6&fr=SRP%20Job%20Listing
"JIANGSU DONGCHENG M&E TOOLS CO., LTD.",Sales Manager(Power tools),Semarang,"IDR 15,000,000 - IDR 25,000,000",https://www.jobstreet.co.id/id/job/sales-manager-power-tools-5581804/origin/my?jobId=jobstreet-my-job-5581804&sectionRank=166&token=0~09511eb4-c57d-48c2-8152-d0ef3402ab7a&fr=SRP%20Job%20Listing
PT Andalan Anak Bangsa (KPSG),"PERAWAT: IPD, OPD, Endoskopi, IGD, ICU, & OT (Surabaya)",Surabaya,"IDR 4,500,000 - IDR 6,000,000",https://www.jobstreet.co.id/id/job/perawat%3A-ipd-opd-endoskopi-igd-icu-ot-surabaya-4518001?jobId=jobstreet-id-job-4518001&sectionRank=895&token=0~e524793e-7696-4cf3-9951-aaaf124ca4ee&fr=SRP%20Job%20Listing
CV Metal Moulding Indonesia,Supervisor Workshop (Mouldmaker),Sidoarjo,"IDR 6,000,000 - IDR 8,000,000",https://www.jobstreet.co.id/id/job/supervisor-workshop-mouldmaker-4516646?jobId=jobstreet-id-job-4516646&sectionRank=1643&token=0~1d08b392-603d-4cf8-be40-3438bb9b0397&fr=SRP%20Job%20Listing
PT Plus One Group Indonesia,E-Commerce Specialist,Jakarta Utara,"IDR 5,000,000 - IDR 8,000,000",https://www.jobstreet.co.id/id/job/e-commerce-specialist-4518940?jobId=jobstreet-id-job-4518940&sectionRank=291&token=0~85ea0121-5607-4751-b85f-ae8600cd99cc&fr=SRP%20Job%20Listing
Kuze Original,Creative Content Strategist,Jakarta Pusat,"IDR 5,000,000 - IDR 7,000,000",https://www.jobstreet.co.id/id/job/creative-content-strategist-4517654?jobId=jobstreet-id-job-4517654&sectionRank=896&token=0~e524793e-7696-4cf3-9951-aaaf124ca4ee&fr=SRP%20Job%20Listing
PT. KALIMAS SARANA SUPLINDO,CUSTOMER RELATION OFFICER,Jakarta Timur,"IDR 5,000,000 - IDR 6,000,000",https://www.jobstreet.co.id/id/job/customer-relation-officer-4514391?jobId=jobstreet-id-job-4514391&sectionRank=141&token=0~958bc18d-13dc-4bd8-a7c4-bbbdacfd70ce&fr=SRP%20Job%20Listing
PT Altima Mandiri,AST. SPV WAREHOUSE,Tangerang,"IDR 4,000,000 - IDR 4,500,000",https://www.jobstreet.co.id/id/job/ast.-spv-warehouse-4518898?jobId=jobstreet-id-job-4518898&sectionRank=18&token=0~c3cc334b-459c-4821-a769-8334fd2ef181&fr=SRP%20Job%20Listing
PT RAPIK KARYA MANDIRI,General Affairs & Support Officer,Jawa Barat,"IDR 5,000,000 - IDR 7,000,000",https://www.jobstreet.co.id/id/job/general-affairs-support-officer-4518339?jobId=jobstreet-id-job-4518339&sectionRank=588&token=0~dfc31a67-8fac-4af6-bf91-034f9be4e42f&fr=SRP%20Job%20Listing
PT LEIT Universal Visioner (Billion Innovation Group),"Corporate Assistant (Academic, Administration, Company representative)",Jakarta Barat,"IDR 4,000,000 - IDR 6,000,000",https://www.jobstreet.co.id/id/job/corporate-assistant-academic-administration-company-representative-4517961?jobId=jobstreet-id-job-4517961&sectionRank=293&token=0~85ea0121-5607-4751-b85f-ae8600cd99cc&fr=SRP%20Job%20Listing
Sumber Geotehnik,Finance Controller,Jakarta Pusat,"IDR 8,000,000 - IDR 12,000,000",https://www.jobstreet.co.id/id/job/finance-controller-4517415?jobId=jobstreet-id-job-4517415&sectionRank=530&token=0~dd516bf6-5332-4c7b-9a8a-48ed50ccaa8c&fr=SRP%20Job%20Listing
PT BRINGIN KARYA SEJAHTERA,STAFF HSE (Penempatan Bandung),Bandung,"IDR 4,000,000 - IDR 5,500,000",https://www.jobstreet.co.id/id/job/staff-hse-penempatan-bandung-4515435?jobId=jobstreet-id-job-4515435&sectionRank=1494&token=0~39aee3b0-1669-4866-a268-361e61dec0c5&fr=SRP%20Job%20Listing
PT PERMODALAN NASIONAL MADANI,Pelaksana Legal,Purwokerto,"IDR 2,200,000 - IDR 3,080,000",https://www.jobstreet.co.id/id/job/pelaksana-legal-4515375?jobId=jobstreet-id-job-4515375&sectionRank=1582&token=0~00b4b701-5616-4a55-99bb-fcbaf55b100e&fr=SRP%20Job%20Listing
PT Sistem Manajemen Dewarangga,Admin Finance,Jakarta Selatan,"IDR 4,900,000 - IDR 6,000,000",https://www.jobstreet.co.id/id/job/admin-finance-4516909?jobId=jobstreet-id-job-4516909&sectionRank=20&token=0~c3cc334b-459c-4821-a769-8334fd2ef181&fr=SRP%20Job%20Listing
RGF HR Agent Indonesia,Corporate IT Infrastructure Supervisor - Manufacturing - Cikarang (A-100024),Cikarang,"IDR 13,000,000 - IDR 16,000,000",https://www.jobstreet.co.id/id/job/corporate-it-infrastructure-supervisor-manufacturing-cikarang-a-100024-4518063?jobId=jobstreet-id-job-4518063&sectionRank=169&token=0~09511eb4-c57d-48c2-8152-d0ef3402ab7a&fr=SRP%20Job%20Listing
PT Resource Alam Indonesia (Kurnia Kapuas Utama Glue Ind),General Manager for MALL AND SUPER MALL AT PONTIANAK KALIMANTAN,Pontianak,"IDR 30,000,000 - IDR 42,000,000",https://www.jobstreet.co.id/id/job/general-manager-for-mall-and-super-mall-at-pontianak-kalimantan-4519058?jobId=jobstreet-id-job-4519058&sectionRank=531&token=0~dd516bf6-5332-4c7b-9a8a-48ed50ccaa8c&fr=SRP%20Job%20Listing
PT. Waktu Cipta Dimensi,Sales Market Place,Jakarta Barat,"IDR 4,600,000 - IDR 6,000,000",https://www.jobstreet.co.id/id/job/sales-market-place-4516937?jobId=jobstreet-id-job-4516937&sectionRank=1673&token=0~b43f8ea0-227b-4f79-8707-1fe18b860b53&fr=SRP%20Job%20Listing
PT Prospera,Sosial Media Digital Marketing Tangerang Citra Balaraja Cikupa Karawaci Bitung,Tangerang,"IDR 3,500,000 - IDR 6,000,000",https://www.jobstreet.co.id/id/job/sosial-media-digital-marketing-tangerang-citra-balaraja-cikupa-karawaci-bitung-4518989?jobId=jobstreet-id-job-4518989&sectionRank=470&token=0~fa33a9c2-ef25-4896-ae6f-cb49ef52425e&fr=SRP%20Job%20Listing
PT Siba Surya,Staf Training Development,Semarang,"IDR 4,000,000 - IDR 6,000,000",https://www.jobstreet.co.id/id/job/staf-training-development-4518210?jobId=jobstreet-id-job-4518210&sectionRank=321&token=0~216fad1f-2284-41a8-b169-81337b034e9c&fr=SRP%20Job%20Listing
PT ORI POLYTEC COMPOSITE,QC Jr. Manager,Bekasi,"IDR 10,000,000 - IDR 14,000,000",https://www.jobstreet.co.id/id/job/qc-jr.-manager-4515387?jobId=jobstreet-id-job-4515387&sectionRank=925&token=0~0e9d65d8-9a7f-44cf-9d81-0faeef19653c&fr=SRP%20Job%20Listing
"Hasjrat Multifinance, PT",HR Admin (Internship),Jakarta Pusat,IDR 3 - IDR 4,https://www.jobstreet.co.id/id/job/hr-admin-internship-4516661?jobId=jobstreet-id-job-4516661&sectionRank=560&token=0~34ba7601-569b-43b3-a8ca-6dbf5ca09d7e&fr=SRP%20Job%20Listing
PT Mindo Small Business Solution,TECHNICAL ANALYST,Yogyakarta,"IDR 4,000,000 - IDR 6,000,000",https://www.jobstreet.co.id/id/job/technical-analyst-4516556?jobId=jobstreet-id-job-4516556&sectionRank=235&token=0~af8a99b7-4565-4a40-a9a2-75a6e3bca5c9&fr=SRP%20Job%20Listing
PT Medipath Biosains Indonesia,PENANGGUNG JAWAB TEKNIS ALAT KESEHATAN (Khusus PJT ALKES),Jakarta Timur,"IDR 6,000,000 - IDR 6,500,000",https://www.jobstreet.co.id/id/job/penanggung-jawab-teknis-alat-kesehatan-khusus-pjt-alkes-4518050?jobId=jobstreet-id-job-4518050&sectionRank=84&token=0~85db8393-1492-42e2-bac0-a5a10ccbf14f&fr=SRP%20Job%20Listing
PT Cheetham Garam Indonesia,Retail Admin Sales Staff  (Location : Sentul Industrial Estate),Cibinong,"IDR 4,800,000 - IDR 6,000,000",https://www.jobstreet.co.id/id/job/retail-admin-sales-staff-location-%3A-sentul-industrial-estate-4515297?jobId=jobstreet-id-job-4515297&sectionRank=1552&token=0~5e3009b4-0c2b-4505-85fd-88b25abb3cb1&fr=SRP%20Job%20Listing
PT Tirta Rindang Unggul Ekatama Finance (TRUE FINANCE),Staff Admin - Indragiri Hulu,Riau,"IDR 2,500,000 - IDR 3,000,000",https://www.jobstreet.co.id/id/job/staff-admin-indragiri-hulu-4513944?jobId=jobstreet-id-job-4513944&sectionRank=1311&token=0~a22ac313-8f6f-48d8-9304-5d2499f6bb7f&fr=SRP%20Job%20Listing
PT YUXI Jayatama Indonesia,KOL's Business Development,Jakarta Utara,"IDR 6,000,000 - IDR 10,000,000",https://www.jobstreet.co.id/id/job/kol%27s-business-development-4519014?jobId=jobstreet-id-job-4519014&sectionRank=444&token=0~ef7a49e1-9c88-4ea8-8c60-e1803c396a7e&fr=SRP%20Job%20Listing
PT Sinar Mutiara Cakrabuana,HR Officer,Jakarta Pusat,"IDR 4,000,000 - IDR 4,700,000",https://www.jobstreet.co.id/id/job/hr-officer-4517027?jobId=jobstreet-id-job-4517027&sectionRank=770&token=0~fb765531-069c-4b8a-93f7-1cfabaa92c85&fr=SRP%20Job%20Listing
Stella Gracia School Lombok,School Principal (Kepala Sekolah),Nusa Tenggara Barat,"IDR 8,000,000 - IDR 12,000,000",https://www.jobstreet.co.id/id/job/school-principal-kepala-sekolah-4517009?jobId=jobstreet-id-job-4517009&sectionRank=170&token=0~09511eb4-c57d-48c2-8152-d0ef3402ab7a&fr=SRP%20Job%20Listing
PT Galva Galindra Multi Cipta,Audio Engineer Jakarta,Jakarta Pusat,"IDR 6,000,000 - IDR 7,500,000",https://www.jobstreet.co.id/id/job/audio-engineer-jakarta-4518089?jobId=jobstreet-id-job-4518089&sectionRank=687&token=0~fbd4efba-d1c5-49de-ac6d-03068cdff40a&fr=SRP%20Job%20Listing
PT Giesecke & Devrient Indonesia,IT Software Support,Banten,"IDR 4,900,000 - IDR 6,860,000",https://www.jobstreet.co.id/id/job/it-software-support-4518005?jobId=jobstreet-id-job-4518005&sectionRank=85&token=0~85db8393-1492-42e2-bac0-a5a10ccbf14f&fr=SRP%20Job%20Listing
Nanyang Food Management,Business Development Manager 招商经理,Jakarta Barat,"IDR 10,000,000 - IDR 15,000,000",https://www.jobstreet.co.id/id/job/business-development-manager-%E6%8B%9B%E5%95%86%E7%BB%8F%E7%90%86-4518194?jobId=jobstreet-id-job-4518194&sectionRank=1584&token=0~00b4b701-5616-4a55-99bb-fcbaf55b100e&fr=SRP%20Job%20Listing
PT Pembangunan Sarana Perkasa,Cost Estimation Controller,Jakarta Selatan,"IDR 5,000,000 - IDR 7,000,000",https://www.jobstreet.co.id/id/job/cost-estimation-controller-4516475?jobId=jobstreet-id-job-4516475&sectionRank=115&token=0~c50536a6-5a50-42d5-b949-ab10e5e60cbd&fr=SRP%20Job%20Listing
Bio Healing Center,Content Strategist,Jakarta Raya,"IDR 8,000,000 - IDR 9,000,000",https://www.jobstreet.co.id/id/job/content-strategist-4519037?jobId=jobstreet-id-job-4519037&sectionRank=445&token=0~ef7a49e1-9c88-4ea8-8c60-e1803c396a7e&fr=SRP%20Job%20Listing
PT Neuroteknologi Edukasi Indonesia,Admin Customer Support,Jakarta Raya,"IDR 5,000,000 - IDR 5,500,000",https://www.jobstreet.co.id/id/job/admin-customer-support-4517560?jobId=jobstreet-id-job-4517560&sectionRank=22&token=0~c3cc334b-459c-4821-a769-8334fd2ef181&fr=SRP%20Job%20Listing
PT Multi Karya Garmentexindo,Creative Director,Tangerang,"IDR 5,000,000 - IDR 10,000,000",https://www.jobstreet.co.id/id/job/creative-director-4519038?jobId=jobstreet-id-job-4519038&sectionRank=688&token=0~fbd4efba-d1c5-49de-ac6d-03068cdff40a&fr=SRP%20Job%20Listing
PT Japan Elevator Service Indonesia,Teknisi Maintenance Elevator & Escalator,Jakarta Pusat,"IDR 4,902,000 - IDR 7,000,000",https://www.jobstreet.co.id/id/job/teknisi-maintenance-elevator-escalator-4517865?jobId=jobstreet-id-job-4517865&sectionRank=171&token=0~09511eb4-c57d-48c2-8152-d0ef3402ab7a&fr=SRP%20Job%20Listing
PT. Gama Agro Sejati,SUPERVISOR LOGISTIK,Semarang,"IDR 4,500,000 - IDR 5,500,000",https://www.jobstreet.co.id/id/job/supervisor-logistik-4517256?jobId=jobstreet-id-job-4517256&sectionRank=807&token=0~3a8477aa-9b52-4135-8403-7aca5dd8cdd6&fr=SRP%20Job%20Listing
PT. MULTI PRESTASI MAS,Customer Relationship Officer,Jakarta Utara,"IDR 5,000,000 - IDR 6,000,000",https://www.jobstreet.co.id/id/job/customer-relationship-officer-4515927?jobId=jobstreet-id-job-4515927&sectionRank=1730&token=0~63393472-20fd-44ae-8fab-a1c860801c2d&fr=SRP%20Job%20Listing
MADSQUARE CHARIS INDONESIA,Live Streaming Producer,Jakarta Raya,"IDR 9,000,000 - IDR 12,000,000",https://www.jobstreet.co.id/id/job/live-streaming-producer-4518216?jobId=jobstreet-id-job-4518216&sectionRank=116&token=0~c50536a6-5a50-42d5-b949-ab10e5e60cbd&fr=SRP%20Job%20Listing
PT Sumber Boga Indonesia,Forman Produksi (Mandor Produksi),Jakarta Utara,"IDR 4,500,000 - IDR 5,000,000",https://www.jobstreet.co.id/id/job/forman-produksi-mandor-produksi-4517914?jobId=jobstreet-id-job-4517914&sectionRank=1137&token=0~7685761f-7cd2-460e-bd30-c338616c3175&fr=SRP%20Job%20Listing
Universal Music Group,Office Administrator & Receptionist,Jakarta Raya,"IDR 4,800,000 - IDR 5,500,000",https://www.jobstreet.co.id/id/job/office-administrator-receptionist-11103936/origin/sg?jobId=jobstreet-sg-job-11103936&sectionRank=86&token=0~85db8393-1492-42e2-bac0-a5a10ccbf14f&fr=SRP%20Job%20Listing
Degold (Jayakarta prima makmur),Sales Supervisor,Jakarta Barat,"IDR 5,000,000 - IDR 7,000,000",https://www.jobstreet.co.id/id/job/sales-supervisor-4517349?jobId=jobstreet-id-job-4517349&sectionRank=1554&token=0~5e3009b4-0c2b-4505-85fd-88b25abb3cb1&fr=SRP%20Job%20Listing
PT Daya Karsa Abadi,Staff K3,Jakarta Pusat,"IDR 5,000,000 - IDR 7,000,000",https://www.jobstreet.co.id/id/job/staff-k3-4518019?jobId=jobstreet-id-job-4518019&sectionRank=295&token=0~85ea0121-5607-4751-b85f-ae8600cd99cc&fr=SRP%20Job%20Listing
Archiola,Accounting,Bali,"IDR 3,500,000 - IDR 5,000,000",https://www.jobstreet.co.id/id/job/accounting-4519084?jobId=jobstreet-id-job-4519084&sectionRank=446&token=0~ef7a49e1-9c88-4ea8-8c60-e1803c396a7e&fr=SRP%20Job%20Listing
PT BCA Finance,Field Account Consultant - BCA Finance Bengkulu,Bengkulu,"IDR 3,100,000 - IDR 3,500,000",https://www.jobstreet.co.id/id/job/field-account-consultant-bca-finance-bengkulu-4516270?jobId=jobstreet-id-job-4516270&sectionRank=1731&token=0~63393472-20fd-44ae-8fab-a1c860801c2d&fr=SRP%20Job%20Listing
PT Mitra Informatika,Electronics Engineer,Surabaya,"IDR 4,300,000 - IDR 6,020,000",https://www.jobstreet.co.id/id/job/electronics-engineer-4517806?jobId=jobstreet-id-job-4517806&sectionRank=117&token=0~c50536a6-5a50-42d5-b949-ab10e5e60cbd&fr=SRP%20Job%20Listing
Deliveree (PT Angkut Teknologi Indonesia),Supply Chain Associate,Jakarta Raya,"IDR 6,000,000 - IDR 9,000,000",https://www.jobstreet.co.id/id/job/supply-chain-associate-4516317?jobId=jobstreet-id-job-4516317&sectionRank=1465&token=0~ecd9326f-da85-4220-8631-5722f9546dfa&fr=SRP%20Job%20Listing
PT ZuttoRide Indonesia,Finance Staff,Jakarta Selatan,"IDR 4,950,000 - IDR 6,930,000",https://www.jobstreet.co.id/id/job/finance-staff-4513327?jobId=jobstreet-id-job-4513327&sectionRank=204&token=0~049678d9-f67a-42fa-825c-0dd3c9070d3e&fr=SRP%20Job%20Listing
PT BANDAR BOGA NUSANTARA,Procurement Staff,Jakarta Selatan,"IDR 5,000,000 - IDR 6,000,000",https://www.jobstreet.co.id/id/job/procurement-staff-4516376?jobId=jobstreet-id-job-4516376&sectionRank=987&token=0~eac63e12-d402-4063-b1fd-a9d1a5c15d57&fr=SRP%20Job%20Listing
LINTAS BANGUN NUSANTARA,Admin Inventory Stock,Jakarta Barat,"IDR 3,000,000 - IDR 6,000,000",https://www.jobstreet.co.id/id/job/admin-inventory-stock-4518991?jobId=jobstreet-id-job-4518991&sectionRank=296&token=0~85ea0121-5607-4751-b85f-ae8600cd99cc&fr=SRP%20Job%20Listing
PT Rasa Raya Nawasena,RESTAURANT MANAGER,Bogor,"IDR 7,000,000 - IDR 9,800,000",https://www.jobstreet.co.id/id/job/restaurant-manager-4518855?jobId=jobstreet-id-job-4518855&sectionRank=1078&token=0~b12aad0d-ce7f-4b2e-925a-fc38787a2ad5&fr=SRP%20Job%20Listing
PT Mitra Kerja Utama,Teknisi Jaringan BANTEN,Banten,"IDR 4,400,000 - IDR 4,900,000",https://www.jobstreet.co.id/id/job/teknisi-jaringan-banten-4517719?jobId=jobstreet-id-job-4517719&sectionRank=1167&token=0~03af6f7a-bc29-4bc0-a38a-a085effd5373&fr=SRP%20Job%20Listing
PT. Olive Sukses Mandiri,KOL Specialist,Tangerang,"IDR 5,000,000 - IDR 7,000,000",https://www.jobstreet.co.id/id/job/kol-specialist-4516496?jobId=jobstreet-id-job-4516496&sectionRank=145&token=0~958bc18d-13dc-4bd8-a7c4-bbbdacfd70ce&fr=SRP%20Job%20Listing
PT. Gama Agro Sejati,SUPERVISOR SALES MOTORIS,Semarang,"IDR 5,000,000 - IDR 6,500,000",https://www.jobstreet.co.id/id/job/supervisor-sales-motoris-4517261?jobId=jobstreet-id-job-4517261&sectionRank=837&token=0~259df4d8-811e-497c-8d13-e71571f60fea&fr=SRP%20Job%20Listing
PT. Vitality Development Group,FINANCIAL MANAGER / CONTROLLER,Badung,"IDR 12,000,000 - IDR 15,000,000",https://www.jobstreet.co.id/id/job/financial-manager-controller-4517704?jobId=jobstreet-id-job-4517704&sectionRank=1708&token=0~163eaba1-3577-4cbf-a0c7-9bad499815c9&fr=SRP%20Job%20Listing
PT RAPIK KARYA MANDIRI,Sekretaris Direktur,Jawa Barat,"IDR 5,000,000 - IDR 10,000,000",https://www.jobstreet.co.id/id/job/sekretaris-direktur-4518202?jobId=jobstreet-id-job-4518202&sectionRank=447&token=0~ef7a49e1-9c88-4ea8-8c60-e1803c396a7e&fr=SRP%20Job%20Listing
PT Romindo Primavetcom,Sales Representative,Jakarta Raya,"IDR 4,902,000 - IDR 6,862,800",https://www.jobstreet.co.id/id/job/sales-representative-4518581?jobId=jobstreet-id-job-4518581&sectionRank=1168&token=0~03af6f7a-bc29-4bc0-a38a-a085effd5373&fr=SRP%20Job%20Listing
Perusahaan Dirahasiakan,Service Engineer,Jakarta Raya,"IDR 5,000,000 - IDR 8,000,000",https://www.jobstreet.co.id/id/job/service-engineer-11106396/origin/sg?jobId=jobstreet-sg-job-11106396&sectionRank=1406&token=0~969a56c5-bc12-41aa-822a-6203e6a5bc90&fr=SRP%20Job%20Listing
CV. SINAR NIAGA ELEKTRIK,Manager Finance,Medan,"IDR 7,000,000 - IDR 9,000,000",https://www.jobstreet.co.id/id/job/manager-finance-4515454?jobId=jobstreet-id-job-4515454&sectionRank=1225&token=0~6c00a9e9-67aa-49a6-b7b3-50951106fb24&fr=SRP%20Job%20Listing
Pawai Bakery,Graphic Designer,Jakarta Barat,"IDR 5,000,000 - IDR 7,000,000",https://www.jobstreet.co.id/id/job/graphic-designer-4516814?jobId=jobstreet-id-job-4516814&sectionRank=1374&token=0~56b1ee54-4da6-4925-a572-12dcbfb9dd6c&fr=SRP%20Job%20Listing
PT Weltes Energi Nusantara,QC Inspector,Gresik,"IDR 4,500,000 - IDR 9,000,000",https://www.jobstreet.co.id/id/job/qc-inspector-4518073?jobId=jobstreet-id-job-4518073&sectionRank=533&token=0~dd516bf6-5332-4c7b-9a8a-48ed50ccaa8c&fr=SRP%20Job%20Listing
PT Idola Cahaya Semesta,Business Research & Analyst Junior Staff,Bekasi,"IDR 5,000,000 - IDR 5,300,000",https://www.jobstreet.co.id/id/job/business-research-analyst-junior-staff-4516701?jobId=jobstreet-id-job-4516701&sectionRank=718&token=0~9abdf574-e804-454c-acd0-3191ba3bbbbb&fr=SRP%20Job%20Listing
PT AXA Mandiri Financial Services,Financial Advisor Special Hire - Sumatera Selatan,Palembang,"IDR 2,500,000 - IDR 5,000,000",https://www.jobstreet.co.id/id/job/financial-advisor-special-hire-sumatera-selatan-4515442?jobId=jobstreet-id-job-4515442&sectionRank=562&token=0~34ba7601-569b-43b3-a8ca-6dbf5ca09d7e&fr=SRP%20Job%20Listing
PT Molindo Raya Industrial,GM Operasional (Transportation Business),Malang,"IDR 25,000,000 - IDR 35,000,000",https://www.jobstreet.co.id/id/job/gm-operasional-transportation-business-4516842?jobId=jobstreet-id-job-4516842&sectionRank=1253&token=0~b21ab8e8-4690-41a6-ab61-928f58cdf4d1&fr=SRP%20Job%20Listing
PT. ANANTA SINERGI SUPLAI,Staff Admin Gudang (Pengiriman & Penerimaan Logistik),Jakarta Raya,"IDR 3,000,000 - IDR 4,200,000",https://www.jobstreet.co.id/id/job/staff-admin-gudang-pengiriman-penerimaan-logistik-4517223?jobId=jobstreet-id-job-4517223&sectionRank=355&token=0~b63339e4-722a-4e5f-a7a1-2963cb6531b9&fr=SRP%20Job%20Listing
PT BPR Kredit Mandiri Indonesia,Unit Head Audit Teknologi Informasi,Tangerang,"IDR 10,000,000 - IDR 14,000,000",https://www.jobstreet.co.id/id/job/unit-head-audit-teknologi-informasi-4517730?jobId=jobstreet-id-job-4517730&sectionRank=1709&token=0~163eaba1-3577-4cbf-a0c7-9bad499815c9&fr=SRP%20Job%20Listing
Perusahaan Dirahasiakan,Site Administrator,Asahan Kisaran,"IDR 10,000,000 - IDR 14,000,000",https://www.jobstreet.co.id/id/job/site-administrator-4515908?jobId=jobstreet-id-job-4515908&sectionRank=1080&token=0~b12aad0d-ce7f-4b2e-925a-fc38787a2ad5&fr=SRP%20Job%20Listing
PT Mettler Toledo Indonesia,Order Management Staff,Bekasi,"IDR 5,000,000 - IDR 5,200,000",https://www.jobstreet.co.id/id/job/order-management-staff-4515564?jobId=jobstreet-id-job-4515564&sectionRank=1169&token=0~03af6f7a-bc29-4bc0-a38a-a085effd5373&fr=SRP%20Job%20Listing
PT Kawashima Engineering Plastic Indonesia,TAX SUPERVISOR,Bekasi,"IDR 7,000,000 - IDR 8,500,000",https://www.jobstreet.co.id/id/job/tax-supervisor-4518326?jobId=jobstreet-id-job-4518326&sectionRank=1226&token=0~6c00a9e9-67aa-49a6-b7b3-50951106fb24&fr=SRP%20Job%20Listing
PT JAC Konsultan Indonesia,Branch Manager Denpasar Bali,Denpasar,"IDR 6,000,000 - IDR 6,500,000",https://www.jobstreet.co.id/id/job/branch-manager-denpasar-bali-4518935?jobId=jobstreet-id-job-4518935&sectionRank=839&token=0~259df4d8-811e-497c-8d13-e71571f60fea&fr=SRP%20Job%20Listing
Kenvue,Utility Technician,Jakarta Raya,"IDR 6,000,000 - IDR 10,000,000",https://www.jobstreet.co.id/id/job/utility-technician-11107549/origin/sg?jobId=jobstreet-sg-job-11107549&sectionRank=719&token=0~9abdf574-e804-454c-acd0-3191ba3bbbbb&fr=SRP%20Job%20Listing
ANUGERAH GROUP,SECRETARY AND PERSONAL ASSISTANT,Semarang,"IDR 5,000,000 - IDR 5,500,000",https://www.jobstreet.co.id/id/job/secretary-and-personal-assistant-4515290?jobId=jobstreet-id-job-4515290&sectionRank=1710&token=0~163eaba1-3577-4cbf-a0c7-9bad499815c9&fr=SRP%20Job%20Listing
Pigcasso,Staff Finance Accounting,Jakarta Raya,"IDR 5,500,000 - IDR 6,000,000",https://www.jobstreet.co.id/id/job/staff-finance-accounting-4518585?jobId=jobstreet-id-job-4518585&sectionRank=27&token=0~c3cc334b-459c-4821-a769-8334fd2ef181&fr=SRP%20Job%20Listing
PT Sumber Kontruksi Jaya,PENGAWAS PROYEK,Balikpapan,"IDR 4,000,000 - IDR 6,000,000",https://www.jobstreet.co.id/id/job/pengawas-proyek-4515576?jobId=jobstreet-id-job-4515576&sectionRank=1227&token=0~6c00a9e9-67aa-49a6-b7b3-50951106fb24&fr=SRP%20Job%20Listing
PT Soli Deo Gratia Logistics,STAFF EXPORT IMPORT,Jakarta Raya,"IDR 5,000,000 - IDR 6,000,000",https://www.jobstreet.co.id/id/job/staff-export-import-4515662?jobId=jobstreet-id-job-4515662&sectionRank=174&token=0~09511eb4-c57d-48c2-8152-d0ef3402ab7a&fr=SRP%20Job%20Listing
PT Ometraco Arya Samanta,Senior Residential Butler,Jakarta Raya,"IDR 8,000,000 - IDR 11,200,000",https://www.jobstreet.co.id/id/job/senior-residential-butler-4518304?jobId=jobstreet-id-job-4518304&sectionRank=1733&token=0~63393472-20fd-44ae-8fab-a1c860801c2d&fr=SRP%20Job%20Listing
PT Putramaya Abadi,Supervisor Digital Marketing & E-commerce,Jakarta Raya,"IDR 7,000,000 - IDR 8,000,000",https://www.jobstreet.co.id/id/job/supervisor-digital-marketing-e-commerce-4518468?jobId=jobstreet-id-job-4518468&sectionRank=89&token=0~85db8393-1492-42e2-bac0-a5a10ccbf14f&fr=SRP%20Job%20Listing
Sungai Indah Kencana Utama,Administration Staff - Medan,Medan,"IDR 4,000,000 - IDR 5,500,000",https://www.jobstreet.co.id/id/job/administration-staff-medan-4517590?jobId=jobstreet-id-job-4517590&sectionRank=266&token=0~317ce3cb-4347-4dc6-bccc-156ac6fb4b5b&fr=SRP%20Job%20Listing
PT. Graha Usada Nusantara,Marketing Lembaga Sertifikasi,Jakarta Selatan,"IDR 5,000,000 - IDR 6,000,000",https://www.jobstreet.co.id/id/job/marketing-lembaga-sertifikasi-4518864?jobId=jobstreet-id-job-4518864&sectionRank=956&token=0~daaef54d-577d-43ba-8c0c-bc3549836958&fr=SRP%20Job%20Listing
PT Qiao Xing Industry,TEKNISI (MEKANIK / LAS),Banten,"IDR 4,000,000 - IDR 5,600,000",https://www.jobstreet.co.id/id/job/teknisi-mekanik-las-4518923?jobId=jobstreet-id-job-4518923&sectionRank=1195&token=0~26a63050-af62-489a-b46c-648cbce49dcd&fr=SRP%20Job%20Listing
PT Peroni Karya Sentra,Staff IT,Mojokerto,"IDR 4,504,790 - IDR 5,500,000",https://www.jobstreet.co.id/id/job/staff-it-4515328?jobId=jobstreet-id-job-4515328&sectionRank=1288&token=0~bbe04e8a-fb8d-403e-b470-4acbedcf16be&fr=SRP%20Job%20Listing
PT Latrade Batam Indonesia,Planner,Batam,"IDR 8,000,000 - IDR 11,200,000",https://www.jobstreet.co.id/id/job/planner-4516930?jobId=jobstreet-id-job-4516930&sectionRank=597&token=0~dfc31a67-8fac-4af6-bf91-034f9be4e42f&fr=SRP%20Job%20Listing
PT Giant Transporter Indonesia,Internal Audit Staff,Jakarta Utara,"IDR 5,000,000 - IDR 8,000,000",https://www.jobstreet.co.id/id/job/internal-audit-staff-4515462?jobId=jobstreet-id-job-4515462&sectionRank=207&token=0~049678d9-f67a-42fa-825c-0dd3c9070d3e&fr=SRP%20Job%20Listing
Teleperformance,Call Center Representative - Tagalog Speaker,Yogyakarta,"IDR 8,000,000 - IDR 11,200,000",https://www.jobstreet.co.id/id/job/call-center-representative-tagalog-speaker-4518858?jobId=jobstreet-id-job-4518858&sectionRank=60&token=0~adbd6dd3-5959-47db-bb19-0260ad7ef617&fr=SRP%20Job%20Listing
PT Asuransi Jiwa Sinarmas MSIG Tbk.,Bancassurance Consultant Sulawesi (Palu),Palu,"IDR 3,600,000 - IDR 5,800,000",https://www.jobstreet.co.id/id/job/bancassurance-consultant-sulawesi-palu-4517630?jobId=jobstreet-id-job-4517630&sectionRank=1317&token=0~a22ac313-8f6f-48d8-9304-5d2499f6bb7f&fr=SRP%20Job%20Listing
PT. Berkat Estu Indonesia,Admin,Jakarta Pusat,"IDR 2,000,000 - IDR 4,000,000",https://www.jobstreet.co.id/id/job/admin-4517490?jobId=jobstreet-id-job-4517490&sectionRank=358&token=0~b63339e4-722a-4e5f-a7a1-2963cb6531b9&fr=SRP%20Job%20Listing
PT Bahana Cipta Internusa,Civil Engineer,Balikpapan,"IDR 9,000,000 - IDR 11,000,000",https://www.jobstreet.co.id/id/job/civil-engineer-4517959?jobId=jobstreet-id-job-4517959&sectionRank=507&token=0~be21975e-a1bb-4259-aedf-42dd5afdca92&fr=SRP%20Job%20Listing
RGF HR Agent Indonesia,Production Manager - Textile - Bandung (B-100131),Bandung,"IDR 20,000,000 - IDR 25,000,000",https://www.jobstreet.co.id/id/job/production-manager-textile-bandung-b-100131-4516650?jobId=jobstreet-id-job-4516650&sectionRank=659&token=0~29cd02b4-34e8-4cc4-b20a-a31d03be727e&fr=SRP%20Job%20Listing
Perusahaan Dirahasiakan,Superintendent Human Capital General Affair Pertambangan,Kendari,"IDR 10,000,000 - IDR 15,000,000",https://www.jobstreet.co.id/id/job/superintendent-human-capital-general-affair-pertambangan-4516446?jobId=jobstreet-id-job-4516446&sectionRank=1500&token=0~39aee3b0-1669-4866-a268-361e61dec0c5&fr=SRP%20Job%20Listing
PT CHINHO INTERNET TECHNOLOGY,HOST LIVE STREAM (ENGLISH SPEAKER),Banten,"IDR 4,000,000 - IDR 5,500,000",https://www.jobstreet.co.id/id/job/host-live-stream-english-speaker-4518075?jobId=jobstreet-id-job-4518075&sectionRank=1678&token=0~b43f8ea0-227b-4f79-8707-1fe18b860b53&fr=SRP%20Job%20Listing
Liman Jaya Anugrah,HSE OFFICER / PENGELOLAAN LINGKUNGAN,Pasuruan,"IDR 4,500,000 - IDR 6,500,000",https://www.jobstreet.co.id/id/job/hse-officer-pengelolaan-lingkungan-4518902?jobId=jobstreet-id-job-4518902&sectionRank=360&token=0~b63339e4-722a-4e5f-a7a1-2963cb6531b9&fr=SRP%20Job%20Listing
PT Shaft Consulting Services,Business Development Manager – Aftersales Manager Marine,Surabaya,"IDR 36,000,000 - IDR 40,000,000",https://www.jobstreet.co.id/id/job/business-development-manager-aftersales-manager-marine-4516832?jobId=jobstreet-id-job-4516832&sectionRank=629&token=0~1a68a61f-fa54-4d01-b774-c14e65eb37dc&fr=SRP%20Job%20Listing
PT Otto Menara Globalindo (McEasy),Sales Executive (Medan),Medan,"McEasy provides Internet-based and GPS-based digital solutions to address the needs of logistics operations and vehicle location tracking. Our company was founded in 2017 and continues to transform to become a leader in providing integrated solutions in the field of logistics transportation and warehousing. As a software company, we will always conduct product research and development regularly so that it can be relied upon for our loyal customers Our company uses advanced technology in our software products, such as object-oriented design and programming languages for fast and stable performance. With VSMS & TMS as an integrated vehicle logistics service with a digital-based subscription system in your company, through an online system that we have built and tested, you can track the vehicle's position in real-time and all operational costs transparently, without the hassle of checking them manually. On July, McEasy secured USD 6.5 million (approximately IDR 97 billion) in a series A round headed by East Ventures, which increased its initial USD 1,5 million investment. Hundreds of companies use our product to assist their operations and logistics, including Alfamidi, FedEx, Club, MGM Bosco, PO Rosalia Indah, Mulia Ceramics, Polda Jatim, Go Trans, and AKAS.",https://www.jobstreet.co.id/id/job/sales-executive-medan-4518305?jobId=jobstreet-id-job-4518305&sectionRank=1737&token=0~63393472-20fd-44ae-8fab-a1c860801c2d&fr=SRP%20Job%20Listing
PT Bahana Cipta Internusa,Supervisor Sipil,Balikpapan,"IDR 7,000,000 - IDR 8,000,000",https://www.jobstreet.co.id/id/job/supervisor-sipil-4518667?jobId=jobstreet-id-job-4518667&sectionRank=630&token=0~1a68a61f-fa54-4d01-b774-c14e65eb37dc&fr=SRP%20Job%20Listing
Universitas Internasional Batam,Network Engineer,Batam,"IDR 4,600,000 - IDR 5,000,000",https://www.jobstreet.co.id/id/job/network-engineer-4518320?jobId=jobstreet-id-job-4518320&sectionRank=600&token=0~dfc31a67-8fac-4af6-bf91-034f9be4e42f&fr=SRP%20Job%20Listing
PT AXA Mandiri Financial Services,FINANCIAL ADVISOR - AREA KENDARI,Kendari,"IDR 2,500,000 - IDR 3,250,000",https://www.jobstreet.co.id/id/job/financial-advisor-area-kendari-4517292?jobId=jobstreet-id-job-4517292&sectionRank=1529&token=0~7269ef9c-7c5e-4f51-9794-97b3eba48d90&fr=SRP%20Job%20Listing
PT Adimas Isolasitama,Human Resources,Jakarta Pusat,"IDR 7,000,000 - IDR 10,000,000",https://www.jobstreet.co.id/id/job/human-resources-4515401?jobId=jobstreet-id-job-4515401&sectionRank=328&token=0~216fad1f-2284-41a8-b169-81337b034e9c&fr=SRP%20Job%20Listing
PT JAYAMAS MOTORINDO,Staf. Administrasi,Jakarta Pusat,"IDR 3,000,000 - IDR 4,000,000",https://www.jobstreet.co.id/id/job/staf.-administrasi-4514723?jobId=jobstreet-id-job-4514723&sectionRank=570&token=0~34ba7601-569b-43b3-a8ca-6dbf5ca09d7e&fr=SRP%20Job%20Listing
