Company,Job_title,Location,Salary,Work Type,Descriptions,Links
PT Karya Bintang Mandiri,Admin Produksi & Bahan Baku,Sidoarjo,"IDR 4,600,000 - IDR 6,000,000",Kontrak,"LOWONGAN KERJA ADMIN OPERATOR & BAHAN BAKU, Pendidikan terakhir SMK/D3/S1Menguasai Microsoft Office & SAPDetail, analitik, berorientasi pada target, komunikatif, kepemimpinan yang kuat & mudah beradaptasiTerbiasa berbahasa mandarin lisan & tulis, Pendidikan terakhir SMK/D3/S1, Menguasai Microsoft Office & SAP, Detail, analitik, berorientasi pada target, komunikatif, kepemimpinan yang kuat & mudah beradaptasi, Terbiasa berbahasa mandarin lisan & tulis, Segera daftarkan diri anda sekarang juga!, ",https://www.jobstreet.co.id/id/job/admin-produksi-bahan-baku-4518955?jobId=jobstreet-id-job-4518955&sectionRank=1&token=0~2fad7e32-dd38-40e7-9c5c-60eeb871ebaf&fr=SRP%20Job%20Listing
PT Artemi Zenith International,ADMIN STAFF (SURABAYA / TANGERANG),Surabaya,,Penuh Waktu,"Are you aPASSIONATEandTRUSTWORTHEDperson?, PASSIONATE, TRUSTWORTHED, Looking forTEAM LEADER OPPORTUNITIES?, TEAM LEADER OPPORTUNITIES, Willing toGROWin aCHALLENGINGworking space?, GROW, CHALLENGING, COME AND JOIN US!, COME AND JOIN US!, Let's Create a Better Living Space withArtemiFamily, Artemi, BENEFIT :, Annual leaveAttendance incentive (T&C)THROvertime feeCompany laptop (Administration Division)TrainingAnnual championship (T&C), Annual leave, Attendance incentive (T&C), THR, Overtime fee, Company laptop (Administration Division), Training, Annual championship (T&C), Kualifikasi :, Kualifikasi :, Usia maksimal 30Pendidikan minimal S1Menguasai Ms. Office terutama excelDiutamakan yang mengerti dasar akuntansiDiutamakan yang pernah menggunakan software akuntansi atau integrated softwareDiutamakan yang mengerti bahasa mandarin basic dan inggris basic minimal pasifMampu bekerja dibawah tekananJujur, kepribadian menyenangkan, teliti, detail, rapi, dapat berkomunikasi dengan baik, berpikir kritis, dan bertanggung jawabBerintegritas, jujur, tanggap, cekatan, loyal, berdedikasi tinggiDisiplinPenempatan di Surabaya / Jakarta, Usia maksimal 30, Pendidikan minimal S1, Menguasai Ms. Office terutama excel, Diutamakan yang mengerti dasar akuntansi, Diutamakan yang pernah menggunakan software akuntansi atau integrated software, Diutamakan yang mengerti bahasa mandarin basic dan inggris basic minimal pasif, Mampu bekerja dibawah tekanan, Jujur, kepribadian menyenangkan, teliti, detail, rapi, dapat berkomunikasi dengan baik, berpikir kritis, dan bertanggung jawab, Berintegritas, jujur, tanggap, cekatan, loyal, berdedikasi tinggi, Disiplin, Penempatan di Surabaya / Jakarta, Penempatan di Surabaya / Jakarta, Deskripsi Pekerjaan:, Deskripsi Pekerjaan:, Menginput data invemtory perusahaanMembuat report yang diperlukan oleh perusahaanMenginput data transaksi petty cash perusahaanMengarsip dan merapikan segala data administratif perusahaanMembuat dan mengarsip kontrak kerja dan dokumen administratif perusahaanMenginput buku kas masuk dan buku kas keluar untuk petty cash serta menginput bukti bank masuk dan keluarMengarsip nota dan mencocokkan dengan BKK dan BKM yang dibuatMenginput data customer dan supplierMenginput data karyawanMerekap absensi, cuti dan ijin karyawanMenginformasikan tagihan yang telah jatuh tempoHandle laporan dari sales team dan report ke atasanMembuat PO dan purchase reportHandle semua keperluan rumah tangga kantor dan segala tugas yang berhubungan dengan kegiatan administrasi perusahaan.Mengarsip data dan dokumen perusahaan baik hardcopy maupun softcopy., Menginput data invemtory perusahaan, Membuat report yang diperlukan oleh perusahaan, Menginput data transaksi petty cash perusahaan, Mengarsip dan merapikan segala data administratif perusahaan, Membuat dan mengarsip kontrak kerja dan dokumen administratif perusahaan, Menginput buku kas masuk dan buku kas keluar untuk petty cash serta menginput bukti bank masuk dan keluar, Mengarsip nota dan mencocokkan dengan BKK dan BKM yang dibuat, Menginput data customer dan supplier, Menginput data karyawan, Merekap absensi, cuti dan ijin karyawan, Menginformasikan tagihan yang telah jatuh tempo, Handle laporan dari sales team dan report ke atasan, Membuat PO dan purchase report, Handle semua keperluan rumah tangga kantor dan segala tugas yang berhubungan dengan kegiatan administrasi perusahaan., Mengarsip data dan dokumen perusahaan baik hardcopy maupun softcopy., ",https://www.jobstreet.co.id/id/job/admin-staff-surabaya-tangerang-4518834?jobId=jobstreet-id-job-4518834&sectionRank=2&token=0~2fad7e32-dd38-40e7-9c5c-60eeb871ebaf&fr=SRP%20Job%20Listing
PT Prima Audio Indonesia,Staff Administrasi,Jakarta Raya,,Penuh Waktu,"Deskripsi Pekerjaan :, Deskripsi Pekerjaan :, Membuat invoice setiap bulannya sesuai dengan permintaan salesMenguasai atau pernah memakai aplikasi accounting di utamakan AccurateClosing Invoice setiap bulan, Membuat invoice setiap bulannya sesuai dengan permintaan sales, Menguasai atau pernah memakai aplikasi accounting di utamakan Accurate, Closing Invoice setiap bulan, Kualifikasi:, Kualifikasi:, Minimal SMK/sederajatMinimal 1 tahun pengalaman dibidang terkaitBisa menggunakan Komputer dan Ms. OfficeJujur, cekatan, teliti,Bersedia ditempatkan di PIK 2, Minimal SMK/sederajat, Minimal 1 tahun pengalaman dibidang terkait, Bisa menggunakan Komputer dan Ms. Office, Jujur, cekatan, teliti,, Bersedia ditempatkan di PIK 2, ",https://www.jobstreet.co.id/id/job/staff-administrasi-4518085?jobId=jobstreet-id-job-4518085&sectionRank=3&token=0~2fad7e32-dd38-40e7-9c5c-60eeb871ebaf&fr=SRP%20Job%20Listing
PT Borneo Mandiri Investment,General Admin,Tangerang,,Penuh Waktu,"TANGGUNG JAWAB:, 1) Menangani semua inquiry dari Manager PT Borneo Mandiri Investment terutama hal administratif, 2) Menyiapkan dokumen, mengetik, mengirim email, membuat telepon sesuai dengan deadlinenya., 3) Melakukan tugas administrasi (termasuk pendistribusian/pengumpulan/pengisian dokumen), 4) Perbarui & kompilasi laporan bulanan, 5) Diutamakan memiliki skill penunjang operasional seperti IT dll (mohon disebutkan skill penunjang yang dimiliki), 6) Diutamakan mempunyai pengalaman di bidang HRD dan General Affair, KUALIFIKASI:, 1) Bersedia ditempatkan di Cipondoh dan atau Kembangan., 2) Bersedia untuk lembur dan bekerja di bawah tekanan., 3) Memiliki pengalaman kerja minimal 2 tahun dalam bidang administrasi., 4) Bersedia untuk multitasking dan terbuka untuk mempelajari hal-hal baru., 5) Menguasai Ms Office (Word, Excel)., 6) Bahasa Inggris minimal pasif., 7) Bukan untuk kandidat yang menyukai comfort zone, harus bersedia menerima tantangan baru dalam pekerjaan., 8) Memiliki attitude dan absensi yang baik., 9)Tida memilih-milih pekerjaan, 10) Loyalitas, ",https://www.jobstreet.co.id/id/job/general-admin-4518760?jobId=jobstreet-id-job-4518760&sectionRank=4&token=0~2fad7e32-dd38-40e7-9c5c-60eeb871ebaf&fr=SRP%20Job%20Listing
PT Gunung Sagara Buana,Admin Warehouse,Bekasi,"IDR 3,000,000 - IDR 4,500,000",Penuh Waktu,"1. Managing, evaluating and reporting on warehouse productivity, 2. Monitoring stock, order progress and delivery status, 3. Tracking and coordinating the receipt, storage and timely delivery of goods., 4. Checking orders, bills, item received, inventory and deliveries for accuracy, 5. Maintaining records, reporting relevant information and preparing any necessary documentation, 6. Making daily and monthly reports of raw material and finished goods, 7. Responsible for all activities in the warehouse and loading process, Requirement, 1. Bachelor’s degree in any major, 2. Good leadership and teamwork mentality, 3. Good communication skill, 4. Experience 2 years as warehouse staff, 5. Having high understanding in warehouse management, 6. Age 22-30 years old, ",https://www.jobstreet.co.id/id/job/admin-warehouse-4518494?jobId=jobstreet-id-job-4518494&sectionRank=5&token=0~2fad7e32-dd38-40e7-9c5c-60eeb871ebaf&fr=SRP%20Job%20Listing
PT Damai Abadi,Accounting Admin Staff,Medan,,Penuh Waktu,"· Checking and verify sales document before input to system, · Monitoring account receivable (AR) files and records, · Maintaining the billing system, invoicing dan ensure all timeline is on track., · Generating invoices and account statements, · Making monthly financial and management reports, · Responsible for control credit limit and monitoring insurance, Requirements:, Requirements:, a.   Bachelor Degree in Accounting, Finance, Economics or related subject, b.   Have a minimum 3 years of experience as Accounting / Finance / Account Receivable / Tax staff., c.    Advance in Ms. Excel and can operate SAP Systems, d.   Taxation skill will be advantage, e.   Easy adaptable, fast learner and have good communication skill, f.     A keen eye for detail, g.   Have ability to work independently, multi-tasking and eager to get the job done before closing date., ",https://www.jobstreet.co.id/id/job/accounting-admin-staff-4518383?jobId=jobstreet-id-job-4518383&sectionRank=6&token=0~2fad7e32-dd38-40e7-9c5c-60eeb871ebaf&fr=SRP%20Job%20Listing
PT MUMUSO TRADING INDONESIA,IT Staff,Jakarta Utara,,Penuh Waktu,"Deskripsi Pekerjaan :, Deskripsi Pekerjaan :, Memastikan perawatan dan monitoring terhadap setiap perangkat komputer yang digunakan berfungsi dengan baik.Melakukan monitoring terhadap komputer yang terhubung ke jaringan internet/intranet agar terhubung dengan baik.Melakukan perawatan terhadap sistem Hasmicro dan CCTV agar selalu berjalan dengan baik.Melakukan perawatan (update) aplikasi/software secara rutin agar bisa berjalan dengan baik.Memastikan backup data secara rutin untuk mengantisipasi hal-hal yang tidak diinginkan.Monitoring proteksi dan pengamanan terhadap setiap perangkat komputer agar tidak terkena virus/malware. Juga menjaga pengamanan data yang ada di perangkat komputer agar tidak dapat dibaca atau diambil oleh orang lain.Memastikan kerja perangkat pendukung seperti printer/scanner/dll bisa bekerja dengan baik dan melakukan perbaikan jika ada masalah pada perangkat komputer., Memastikan perawatan dan monitoring terhadap setiap perangkat komputer yang digunakan berfungsi dengan baik., Melakukan monitoring terhadap komputer yang terhubung ke jaringan internet/intranet agar terhubung dengan baik., Melakukan perawatan terhadap sistem Hasmicro dan CCTV agar selalu berjalan dengan baik., Melakukan perawatan terhadap sistem Hasmicro dan CCTV agar selalu berjalan dengan baik., Melakukan perawatan (update) aplikasi/software secara rutin agar bisa berjalan dengan baik., Memastikan backup data secara rutin untuk mengantisipasi hal-hal yang tidak diinginkan., Monitoring proteksi dan pengamanan terhadap setiap perangkat komputer agar tidak terkena virus/malware. Juga menjaga pengamanan data yang ada di perangkat komputer agar tidak dapat dibaca atau diambil oleh orang lain., Memastikan kerja perangkat pendukung seperti printer/scanner/dll bisa bekerja dengan baik dan melakukan perbaikan jika ada masalah pada perangkat komputer., Kualifikasi :, Kualifikasi :, Pengalaman Minimal 3 tahun dibilang yang sama.Min D3 Teknik Komputer/Informatika.Memiliki pemahaman dan keterampilan dalam hal instalasi sofware komputer dan merakit komputer.Memiliki pengalaman program Hasmicro dan CCTV.Memiliki keterampilan dalam hal troubleshoot perangkat komputer baik hardware maupun software dan Mikrotik.Mempunyai pemahaman pengoperasian perangkat pendukung seperti printer, scanner, mesin cetak dllMenguasai perkembangan teknologi yang up to date seperti cloud dan teknologi pengamanan serangan dari virus, phising, malware dan ransomware.Menguasai OS Windows, Linux dan Mac OS.Menguasai Setting email dan VPN di Mobile device dan LaptopPaham dengan baik Jaringan dan Hardware.Bersedia melakukan perjalanan dinas ke seluruh store MUMUSO., Pengalaman Minimal 3 tahun dibilang yang sama., Min D3 Teknik Komputer/Informatika., Memiliki pemahaman dan keterampilan dalam hal instalasi sofware komputer dan merakit komputer., Memiliki pengalaman program Hasmicro dan CCTV., Memiliki keterampilan dalam hal troubleshoot perangkat komputer baik hardware maupun software dan Mikrotik., Mempunyai pemahaman pengoperasian perangkat pendukung seperti printer, scanner, mesin cetak dll, Menguasai perkembangan teknologi yang up to date seperti cloud dan teknologi pengamanan serangan dari virus, phising, malware dan ransomware., Menguasai OS Windows, Linux dan Mac OS., Menguasai Setting email dan VPN di Mobile device dan Laptop, Paham dengan baik Jaringan dan Hardware., Bersedia melakukan perjalanan dinas ke seluruh store MUMUSO., ",https://www.jobstreet.co.id/id/job/it-staff-4519006?jobId=jobstreet-id-job-4519006&sectionRank=7&token=0~2fad7e32-dd38-40e7-9c5c-60eeb871ebaf&fr=SRP%20Job%20Listing
PT MHE-Demag Indonesia,Service Technician,Timika,,Kontrak,"PT. MHE-Demag Indonesia (A member of the Konecranes group) is looking for Service Technician (Contract Under Outsource)., PT. MHE-Demag Indonesia (A member of the Konecranes group) is looking for Service Technician (Contract Under Outsource)., Position Summary:, Position Summary:, To do the service execution and oncall duties from Crane Service Timika and other assignments from the Superior as required, Main Responsibilities:, Main Responsibilities:, To do preventive Maintenance of Crane ProductTrouble Shooting of Crane ProductOncall Duties of Crane ProductSubmit complete service report and recommendation to Field Supervisor within two (2) days after job completed and report to supervisor after job completed doneImplement work safety regulations such as safety driving, working at heigh, job safety analysis, including 5-S are followedTo assist Field Supervisor in field job execution and workshop activityPerform service job following work instruction (technical guidance) in repair & service agreement and ensure getting approval from customer completelyMaintain and utilize service vehicle with fleet management systemMaintain tools, personal protective equipment & service vehiclesTo perform productivity and control expenses effectivelyTo attend service and safety training periodicallyTo serve the Company faithfully and diligently, performing your duties as required by the Company and using his best endeavours to promote the Company’s interests.Not to undertake any paid activities not provided for in this Contract.Not to compete directly or indirectly with the Company.To protect the confidentiality of all information in your position relating to the business or products of Konecranes Group, and to surrender all documents, materials and equipment relating to the assignment when the employment ends.Any other duties and assignments from the Superior as required., To do preventive Maintenance of Crane Product, Trouble Shooting of Crane Product, Oncall Duties of Crane Product, Submit complete service report and recommendation to Field Supervisor within two (2) days after job completed and report to supervisor after job completed done, Implement work safety regulations such as safety driving, working at heigh, job safety analysis, including 5-S are followed, To assist Field Supervisor in field job execution and workshop activity, Perform service job following work instruction (technical guidance) in repair & service agreement and ensure getting approval from customer completely, Maintain and utilize service vehicle with fleet management system, Maintain tools, personal protective equipment & service vehicles, To perform productivity and control expenses effectively, To attend service and safety training periodically, To serve the Company faithfully and diligently, performing your duties as required by the Company and using his best endeavours to promote the Company’s interests., Not to undertake any paid activities not provided for in this Contract., Not to compete directly or indirectly with the Company., To protect the confidentiality of all information in your position relating to the business or products of Konecranes Group, and to surrender all documents, materials and equipment relating to the assignment when the employment ends., Any other duties and assignments from the Superior as required., Requirement:, Requirement:, Diploma III Electrical or Vocational school in electrical with 3 years experience in related jobsMinimum 3 years of work experience in electrical, in heavy industries/ Metal industries/ Mechanical handling industries.Able to work at height and as a teamExcellent health conditionHave driving license (SIM A) is an advantagesWilling to work under outsourcingWilling to be located in Timika, Papua, Diploma III Electrical or Vocational school in electrical with 3 years experience in related jobs, Minimum 3 years of work experience in electrical, in heavy industries/ Metal industries/ Mechanical handling industries., Able to work at height and as a team, Excellent health condition, Have driving license (SIM A) is an advantages, Willing to work under outsourcing, Willing to work under outsourcing, Willing to be located in Timika, Papua, Willing to be located in Timika, Papua, Other Information:, Other Information:, Reports to Functionally: Field SupervisorReports to Disciplinary: Service Manager, Reports to Functionally: Field Supervisor, Reports to Disciplinary: Service Manager, ",https://www.jobstreet.co.id/id/job/service-technician-4519030?jobId=jobstreet-id-job-4519030&sectionRank=8&token=0~2fad7e32-dd38-40e7-9c5c-60eeb871ebaf&fr=SRP%20Job%20Listing
PT Teka P & T International,Staff Payroll HRD,Jakarta Selatan,,Penuh Waktu,"Memproses payroll sesuai jadwal cut off gaji yang ditentukan mulai dari input lembur, komisi, incentive, potongan BPJS, potongan koperasi, potongan pinjmana karyawan, sampai mengirimkan format excel kepada AtasanMembuat permintaan pembayaran (request payment) untuk : BPJS, Medical reimburse, dinas luar, kacamata reimbursment, bantuan melahirkan, bantuan kedukaan, dll,Memproses registrasi dan non-aktif peserta BPJS Kesehatan & Ketenagakerjaan karyawan.Memproses perjalanan dinas karyawan untuk memastikan anggaran perjalanan dinas tsb tidak melebihi anggaran yang telah ditentukan perusahaan.Memproses penambahan dan atau pengurangan peserta asuransi Sinarmas untuk memastikan peserta telah terdaftar atau dinon-aktifkan dari kepesertaan asuransi Sinarmas.Memproses pemesanan tiket dan voucher hotel yang diajukan oleh karyawan untuk memastikan pesanan tiket dan voucher sesuai dengan waktu yang telah ditentukan/diminta oleh karyawan.Menyimpan file/dokumen SNI dan ISO 9001:2015 untuk memastikan dokumen ISO tersebut tersusun rapi sesuai standar ISO.Melaksanakan tugas lain sesuai instruksi Atasan, Memproses payroll sesuai jadwal cut off gaji yang ditentukan mulai dari input lembur, komisi, incentive, potongan BPJS, potongan koperasi, potongan pinjmana karyawan, sampai mengirimkan format excel kepada Atasan, Membuat permintaan pembayaran (request payment) untuk : BPJS, Medical reimburse, dinas luar, kacamata reimbursment, bantuan melahirkan, bantuan kedukaan, dll,, Memproses registrasi dan non-aktif peserta BPJS Kesehatan & Ketenagakerjaan karyawan., Memproses perjalanan dinas karyawan untuk memastikan anggaran perjalanan dinas tsb tidak melebihi anggaran yang telah ditentukan perusahaan., Memproses penambahan dan atau pengurangan peserta asuransi Sinarmas untuk memastikan peserta telah terdaftar atau dinon-aktifkan dari kepesertaan asuransi Sinarmas., Memproses pemesanan tiket dan voucher hotel yang diajukan oleh karyawan untuk memastikan pesanan tiket dan voucher sesuai dengan waktu yang telah ditentukan/diminta oleh karyawan., Menyimpan file/dokumen SNI dan ISO 9001:2015 untuk memastikan dokumen ISO tersebut tersusun rapi sesuai standar ISO., Melaksanakan tugas lain sesuai instruksi Atasan, ",https://www.jobstreet.co.id/id/job/staff-payroll-hrd-4518978?jobId=jobstreet-id-job-4518978&sectionRank=9&token=0~2fad7e32-dd38-40e7-9c5c-60eeb871ebaf&fr=SRP%20Job%20Listing
PT. Tsingshan Steel Indonesia,Guest Attendant 接待员,Sulawesi Tengah,"IDR 12,000,000 - IDR 14,000,000",Penuh Waktu,"Konten Kerja 工作内容, Konten Kerja 工作内容, 1. Bertanggung jawab atas koordinasi pekerjaan penerimaan tamu, pengaturan itinerary, pengelolaan buku besar penerimaan tamu, memandu tamu, presentasi dll., 负责接待事务对接，行程安排，管理接待台账，参观引导和讲解等, 2. Membantu dalam pembangunan budaya perusahaan, termasuk publisitas internal dan eksternal perusahaan, perencanaan dan pelaksanaan kegiatan budaya, olahraga dll., 协助做好公司企业文化建设，包括公司内、外部各类宣传、文体活动组织策划实施等, 3. Membantu pekerjaan administrasi lainnya dan sebagian pekerjaan penerjemahan., 协助做好其他行政事务和部分翻译事务, 4. Menyelesaikan tugas lain yang diberikan oleh atasan., 完成领导交办的其他任务, Benefit 福利待遇, Benefit 福利待遇, 1. Makan dan tempat tinggal gratis (makan tiga kali sehari+supper), 免费食宿（每日三餐+夜宵）, 2. BPJS+asuransi kesehatan, pemeriksaan fisik tahunan, PPh 21 ditanggung perusahaan, 社保+健康保险，年度体检，个税公司承担, 3. Perusahaan menyediakan fasilitas kesehatan 24 jam gratis, 公司提供24小时免费医疗设施, 4. Fasilitas hiburan gratis di dalam perusahaan (lapangan bulu tangkis indoor, lapangan basket, lapangan sepak bola, KTV, dll), 公司内部免费娱乐设施（室内羽毛球场、篮球场、足球场、KTV等）, 5. Gaji Nego, 薪资面议, Persyaratan 要求, Persyaratan 要求, 1. Mahir berbahasa Mandarin, Indonesia dan Inggris, fasih dalam ekspresi lisan, mampu membaca dan menulis, intertranslasi lancar dan akurat, 精通中、印尼、英语三种语言，口语表达流利、能读能写、互译流畅准确, 2. Rasa tanggung jawab yang kuat, antusias, teliti dan responsif, 责任心强，热心，心细，反应灵敏, ",https://www.jobstreet.co.id/id/job/guest-attendant-%E6%8E%A5%E5%BE%85%E5%91%98-4519064?jobId=jobstreet-id-job-4519064&sectionRank=10&token=0~2fad7e32-dd38-40e7-9c5c-60eeb871ebaf&fr=SRP%20Job%20Listing
PT Lestari Jaya Raya,PROGRAMER STAFF,Jakarta Timur,,Penuh Waktu,"DESKRIPSI PEKERJAAN :, Mengembangkan dan mengimplementasikan User Interface (Front End) ke dalam platform web app, Mengembangkan dan mengimplementasikan User Interface (Front End) ke dalam platform web app, KUALIFIKASI YANG DIBUTUHKAN :, Pendidikan : Diploma, Gelar Sarjana di Teknik (Komputer/Telekomunikasi), Ilmu Komputer/Teknologi Informasi, atau setara.Setidaknya memiliki 1 tahun pengalaman dalam bidang yang sesuai untuk posisi ini.Kemampuan yang harus dimiliki: menguasai HTML, JavaScript, Vuejs, PHP.Bersedia mempelajari teknologi baru.Mampu bekerja di bawah tekanan, memiliki logika yang cukup baikMampu mengenali bisnis proses untuk aplikasikan ke softwareCepat mengadopsi teknologi baru untuk mengimplementasikan ke dalam softwareBersedia join SEGERA, Pendidikan : Diploma, Gelar Sarjana di Teknik (Komputer/Telekomunikasi), Ilmu Komputer/Teknologi Informasi, atau setara., Setidaknya memiliki 1 tahun pengalaman dalam bidang yang sesuai untuk posisi ini., Kemampuan yang harus dimiliki: menguasai HTML, JavaScript, Vuejs, PHP., Bersedia mempelajari teknologi baru., Mampu bekerja di bawah tekanan, memiliki logika yang cukup baik, Mampu mengenali bisnis proses untuk aplikasikan ke software, Cepat mengadopsi teknologi baru untuk mengimplementasikan ke dalam software, Bersedia join SEGERA, ",https://www.jobstreet.co.id/id/job/programer-staff-4519071?jobId=jobstreet-id-job-4519071&sectionRank=11&token=0~2fad7e32-dd38-40e7-9c5c-60eeb871ebaf&fr=SRP%20Job%20Listing
PT. Samudra Sakti Utama (Sunset Eyewear),HR Staff,Denpasar,"IDR 4,500,000 - IDR 4,700,000",Penuh Waktu,"Job Descriptions:, Job Descriptions:, Perform recruitment cycle activities including, but not limited to: advertising, shortlisting and screening, and setting up interviewsPrepare new employment contract, resignation, warning letter, and other HR related documentsTo assist in performance management process; preparing performance appraisal formPrepare and distributing company policies, guidelines and SOP documentsMaintaining HR an up-to-date record in systemPrepare the distribute document for the payment process related to payrollPerform any other operational and HR administrative duties, Perform recruitment cycle activities including, but not limited to: advertising, shortlisting and screening, and setting up interviews, Prepare new employment contract, resignation, warning letter, and other HR related documents, To assist in performance management process; preparing performance appraisal form, Prepare and distributing company policies, guidelines and SOP documents, Maintaining HR an up-to-date record in system, Prepare the distribute document for the payment process related to payroll, Perform any other operational and HR administrative duties, Job Requirements:, Job Requirements:, Candidates must possess at least Bachelor's Degree in Psychology, Human Resources Management, or equivalentPreferably 1 year of experience in related fields is required for this position. Fresh graduates are welcome to applyExcellent communication (English & Bahasa) and interpersonal skillsProficient in using Microsoft OfficeAble to maintain confidentiality and handle sensitive HR mattersGood in teamwork and enjoy dealing with peopleWilling to be placed in Renon, Denpasar, Candidates must possess at least Bachelor's Degree in Psychology, Human Resources Management, or equivalent, Preferably 1 year of experience in related fields is required for this position. Fresh graduates are welcome to apply, Excellent communication (English & Bahasa) and interpersonal skills, Proficient in using Microsoft Office, Able to maintain confidentiality and handle sensitive HR matters, Good in teamwork and enjoy dealing with people, Willing to be placed in Renon, Denpasar, ",https://www.jobstreet.co.id/id/job/hr-staff-4519012?jobId=jobstreet-id-job-4519012&sectionRank=12&token=0~2fad7e32-dd38-40e7-9c5c-60eeb871ebaf&fr=SRP%20Job%20Listing
"PT. Zyrexindo Mandiri Buana, Tbk",Teknisi Customer Service,Manado,,Penuh Waktu,"Kualifikasi :, Kualifikasi :, Usia maksimum 30 tahunPendidikan minimal D3 dengan jurusan Sistem Informasi, Teknik Komputer atau sejenisnyaMemiliki pengalaman kerja sebagai Teknisi produk IT minimal 1 tahunMengerti instalasi software dan hardware produk-produk IT (terutama laptop, komputer, dan server)Mampu menangani troubleshoot software dan hardwareMenguasai software seperti Microsoft Windows Server, Linux, Microsoft WindowsMemiliki kemampuan berkomunikasi yang baikMemiliki kendaraan pribadi dan SIMBersedia bekerja secepatnya, Usia maksimum 30 tahun, Pendidikan minimal D3 dengan jurusan Sistem Informasi, Teknik Komputer atau sejenisnya, Memiliki pengalaman kerja sebagai Teknisi produk IT minimal 1 tahun, Mengerti instalasi software dan hardware produk-produk IT (terutama laptop, komputer, dan server), Mampu menangani troubleshoot software dan hardware, Menguasai software seperti Microsoft Windows Server, Linux, Microsoft Windows, Memiliki kemampuan berkomunikasi yang baik, Memiliki kendaraan pribadi dan SIM, Bersedia bekerja secepatnya, Deskripsi pekerjaan:, Deskripsi pekerjaan:, Merupakan bagian dari divisi Customer ServiceMenangani semua permasalahan software dan hardware pada device milik customerMenangani pertanyaan pelanggan melalui telepon, email, atau media sosial dengan sopan dan profesional.Memberikan informasi produk, layanan, dan kebijakan perusahaan kepada pelanggan, Merupakan bagian dari divisi Customer Service, Menangani semua permasalahan software dan hardware pada device milik customer, Menangani pertanyaan pelanggan melalui telepon, email, atau media sosial dengan sopan dan profesional., Memberikan informasi produk, layanan, dan kebijakan perusahaan kepada pelanggan, ",https://www.jobstreet.co.id/id/job/teknisi-customer-service-4518805?jobId=jobstreet-id-job-4518805&sectionRank=13&token=0~2fad7e32-dd38-40e7-9c5c-60eeb871ebaf&fr=SRP%20Job%20Listing
PT Astra Otoparts Tbk,Finance & Accounting Trainee,Jakarta Raya,,Penuh Waktu,"Identify and analyze finance and accounting operational issues.Collaborate with cross-functional teams to develop and implement effective solutionsCreate operational reports, financial statements, and dashboards.Provide in-depth analysis of financial performance, trends, and key metrics.Ensure that financial operations comply with relevant regulations, accounting standards, and internal policies.Continuously explore opportunities to enhance financial processes through data-driven insights and technology solutions., Identify and analyze finance and accounting operational issues., Collaborate with cross-functional teams to develop and implement effective solutions, Create operational reports, financial statements, and dashboards., Provide in-depth analysis of financial performance, trends, and key metrics., Ensure that financial operations comply with relevant regulations, accounting standards, and internal policies., Continuously explore opportunities to enhance financial processes through data-driven insights and technology solutions., ",https://www.jobstreet.co.id/id/job/finance-accounting-trainee-4518195?jobId=jobstreet-id-job-4518195&sectionRank=14&token=0~2fad7e32-dd38-40e7-9c5c-60eeb871ebaf&fr=SRP%20Job%20Listing
PT Inti Lancar Guna,Executive Assistant,Jawa Timur,"IDR 4,000,000 - IDR 6,000,000",Penuh Waktu,"Job Description:, Job Description:, Bridging between BoDs and managers on day to day basis, Preparing, analyzing, and compiling accounting reports, presentations, and/ or research data as requested by BoD, Organizing, taking minute meetings in meetings that involved BoD, Arranging BoD's travel, including flights or ground transportation, and accommodation, Qualifications:, Qualifications:, Max. 35 years old, Bachelor's degree in Finance / Accounting / Management, Proficient with Microsoft Office software (Excel, Word, Power Point, etc.), Able to drive and travel if needed on any given days, Diligent, fast learner, good time management, & attention to detail, Able to speak fluently in English, Mandarin is a plus, ",https://www.jobstreet.co.id/id/job/executive-assistant-4519044?jobId=jobstreet-id-job-4519044&sectionRank=15&token=0~2fad7e32-dd38-40e7-9c5c-60eeb871ebaf&fr=SRP%20Job%20Listing
PT Nojorono Tobacco International,Management Trainee,Kudus,,Penuh Waktu,"Management Trainee merupakan program pelatihan management yang dirancang untuk mengembangkan kandidat dari sisi keterampilan, pengetahuan serta karakter sebagai Pemimpin Masa Depan Nojorono., Kualifikasi :, Kualifikasi :, Pendidikan minimal S1 dengan minum IPK 3,00 dari semua jurusanMaksimal usia 27 tahunMemiliki jiwa kepemimpinanMampu berbahasa inggris akan menjadi nilai tambahProaktif, inovatif, bertanggung jawab, dan mampu bekerja dibawah tekananBersedia bekerja dalam tim dan mandiriBersedia ditempatkan di seluruh Indonesia, Pendidikan minimal S1 dengan minum IPK 3,00 dari semua jurusan, Maksimal usia 27 tahun, Memiliki jiwa kepemimpinan, Mampu berbahasa inggris akan menjadi nilai tambah, Proaktif, inovatif, bertanggung jawab, dan mampu bekerja dibawah tekanan, Bersedia bekerja dalam tim dan mandiri, Bersedia ditempatkan di seluruh Indonesia, ",https://www.jobstreet.co.id/id/job/management-trainee-4518467?jobId=jobstreet-id-job-4518467&sectionRank=16&token=0~2fad7e32-dd38-40e7-9c5c-60eeb871ebaf&fr=SRP%20Job%20Listing
PT Sistem Manajemen Dewarangga,Admin Finance,Jakarta Selatan,"IDR 4,900,000 - IDR 6,000,000",Penuh Waktu,"Kualifikasi, Kualifikasi, Pendidikan minimal S1 Akuntansi dan sejenisnyaPengalaman minimal 1 tahun dibidang yang samaMemahami prinsip akuntansi, keuangan dan perbankanMemiliki pengetahuan dasar terkait perpajakanMemiliki kemampuan dalam membuat laporan administrasi keuanganMemiliki kemampuan dalam pengelolaan dan pengalokasian danaMemiliki kemampuan dalam membuat forecast keuanganMemiliki kemampuan dalam mengoperasikan aplikasi keuangan, Pendidikan minimal S1 Akuntansi dan sejenisnya, Pengalaman minimal 1 tahun dibidang yang sama, Memahami prinsip akuntansi, keuangan dan perbankan, Memiliki pengetahuan dasar terkait perpajakan, Memiliki kemampuan dalam membuat laporan administrasi keuangan, Memiliki kemampuan dalam pengelolaan dan pengalokasian dana, Memiliki kemampuan dalam membuat forecast keuangan, Memiliki kemampuan dalam mengoperasikan aplikasi keuangan, ",https://www.jobstreet.co.id/id/job/admin-finance-4516909?jobId=jobstreet-id-job-4516909&sectionRank=17&token=0~2fad7e32-dd38-40e7-9c5c-60eeb871ebaf&fr=SRP%20Job%20Listing
PT Neuroteknologi Edukasi Indonesia,Admin Customer Support,Jakarta Raya,"IDR 5,000,000 - IDR 5,500,000",Penuh Waktu,"Support and reporting to Center Manager, the successful candidate will be responsible for all operations of the BrainFit center., In Particular:, In Particular:, Responsible for all center operations including instructors, students, parents management and administrativeResponsible to lead at the front line.Ensure excellent standard of customer service and high customer satisfaction.Responsible for scheduling to ensure adequate and efficient staffing at all timesEnsure the center operations goes wellSubmit regular reports to Center ManagerSupport center activities (e.g. : marketing activities, holiday program, etc.), Responsible for all center operations including instructors, students, parents management and administrative, Responsible to lead at the front line., Ensure excellent standard of customer service and high customer satisfaction., Responsible for scheduling to ensure adequate and efficient staffing at all times, Ensure the center operations goes well, Submit regular reports to Center Manager, Support center activities (e.g. : marketing activities, holiday program, etc.), Requirements:, Requirements:, Diploma / Degree and above, from any majorHave at least 2 years working experience in service related industry / as a secretaryAble to speak EnglishExperience in the education industry, or after school business is a plusExcellent communication and administrative skillsAble to multi-taskResults-oriented, self-motivated and able to work independently as well as a teamOpen to outside coaching and mentoringTechnology savvy as a user5-day work-weekincluding Saturday., Diploma / Degree and above, from any major, Diploma / Degree and above, from any major, Have at least 2 years working experience in service related industry / as a secretary, Able to speak English, Experience in the education industry, or after school business is a plus, Excellent communication and administrative skills, Able to multi-task, Results-oriented, self-motivated and able to work independently as well as a team, Open to outside coaching and mentoring, Technology savvy as a user, 5-day work-weekincluding Saturday., To be positioned:, To be positioned:, Kelapa Gading - Jakarta UtaraPantai Indah Kapuk - Jakarta UtaraBSD - Tangerang, Kelapa Gading - Jakarta Utara, Pantai Indah Kapuk - Jakarta Utara, BSD - Tangerang, ",https://www.jobstreet.co.id/id/job/admin-customer-support-4517560?jobId=jobstreet-id-job-4517560&sectionRank=18&token=0~2fad7e32-dd38-40e7-9c5c-60eeb871ebaf&fr=SRP%20Job%20Listing
PT Hon Chuan Indonesia,Sales Assistant,Bekasi,,Penuh Waktu,"Requirements:, Candidate must possess at least Bachelor's Degree in any field.Minimum 2 years experience in a related field.Able to communicate in English is MUST.Having experience in handling administration and sales admin.Familiar with ERP system is mandatory.Having advanced skills in Ms. Excel is mandatory (vlookup, hlookup, pivot table).Hard worker, honest, and able to work independently as well as in a team., Candidate must possess at least Bachelor's Degree in any field., Minimum 2 years experience in a related field., Able to communicate in English is MUST., Having experience in handling administration and sales admin., Familiar with ERP system is mandatory., Having advanced skills in Ms. Excel is mandatory (vlookup, hlookup, pivot table)., Hard worker, honest, and able to work independently as well as in a team., Job descriptions:, Collecting, controlling, and managing all data sales.Monitoring stock.Supporting sales team.Make sales report activity (daily, weekly, monthly).Cooperating with the production department regarding the delivery of goods.Communicate with warehouse team., Collecting, controlling, and managing all data sales., Monitoring stock., Supporting sales team., Make sales report activity (daily, weekly, monthly)., Cooperating with the production department regarding the delivery of goods., Communicate with warehouse team., ",https://www.jobstreet.co.id/id/job/sales-assistant-4518248?jobId=jobstreet-id-job-4518248&sectionRank=19&token=0~2fad7e32-dd38-40e7-9c5c-60eeb871ebaf&fr=SRP%20Job%20Listing
PT Friendship Logistics Line,Staff Lapangan Trucking,Jakarta Utara,,Kontrak,"Mengatur Jadwal Pengiriman Serta Mengatur Unit ArmadanyaMonitoring dan Melaporkan Ketersediaan Unit Armada dan Update Posisi ArmadaMemastikan Operasional Pengiriman Berjalan Lancar Sesuai Prosedur PerusahaanMonitoring Perawatan Service KendaraanMengatur Jadwal Kerja Pengemudi / DriverMembuat Rincian Uang Jalan, Ritase Driver dan StandbyMengontrol Kegiatan Logistik di Lapangan.Mengontrol Dokumen Surat Jalan.Mengontrol Packing List Pengiriman .Mencatat Semua Cargo Sesuai Dengan Tujuannya., Mengatur Jadwal Pengiriman Serta Mengatur Unit Armadanya, Monitoring dan Melaporkan Ketersediaan Unit Armada dan Update Posisi Armada, Memastikan Operasional Pengiriman Berjalan Lancar Sesuai Prosedur Perusahaan, Monitoring Perawatan Service Kendaraan, Mengatur Jadwal Kerja Pengemudi / Driver, Membuat Rincian Uang Jalan, Ritase Driver dan Standby, Mengontrol Kegiatan Logistik di Lapangan., Mengontrol Dokumen Surat Jalan., Mengontrol Packing List Pengiriman ., Mencatat Semua Cargo Sesuai Dengan Tujuannya., Persyaratan, Persyaratan, Usia Maksimal 35 Tahun.Pendidikan Minimal SMA/SMK.Memiliki Pengalaman Dalam Bidang Logistik Alat Berat Khususnya Trucking (Minimal 1 Tahun)Memiliki Kendaraan Motor & Memiliki Sim C (Minimal)Memiliki HP Android Untuk KomunikasiMampu Bekerja Dalam Tekanan, Usia Maksimal 35 Tahun., Pendidikan Minimal SMA/SMK., Memiliki Pengalaman Dalam Bidang Logistik Alat Berat Khususnya Trucking (Minimal 1 Tahun), Memiliki Kendaraan Motor & Memiliki Sim C (Minimal), Memiliki HP Android Untuk Komunikasi, Mampu Bekerja Dalam Tekanan, ",https://www.jobstreet.co.id/id/job/staff-lapangan-trucking-4518682?jobId=jobstreet-id-job-4518682&sectionRank=20&token=0~2fad7e32-dd38-40e7-9c5c-60eeb871ebaf&fr=SRP%20Job%20Listing
PT Prima Audio Indonesia,Staff Accounting,Jakarta Raya,,Penuh Waktu,"Kualifikasi:, Usia 23 - 30 tahunMinimal Bachelor Degree (S1) Accounting, IPK min 3.00Memiliki pengalaman minimal 1 tahunBersedia ditempatkan di PIK - Jakarta Utara, Usia 23 - 30 tahun, Minimal Bachelor Degree (S1) Accounting, IPK min 3.00, Memiliki pengalaman minimal 1 tahun, Bersedia ditempatkan di PIK - Jakarta Utara, Deskripsi Pekerjaan :, Merekonsiliasi bank harianMembuat dan memeriksa laporan keuangan setiap bulanMemahami Jurnal AccountingMengkontrol AR dan AP setiap bulanMenguasai atau pernah memakai aplikasi accounting di utamakan AccurateDapat bergabung SECEPATNYA, Merekonsiliasi bank harian, Membuat dan memeriksa laporan keuangan setiap bulan, Memahami Jurnal Accounting, Mengkontrol AR dan AP setiap bulan, Menguasai atau pernah memakai aplikasi accounting di utamakan Accurate, Dapat bergabung SECEPATNYA, ",https://www.jobstreet.co.id/id/job/staff-accounting-4518191?jobId=jobstreet-id-job-4518191&sectionRank=21&token=0~2fad7e32-dd38-40e7-9c5c-60eeb871ebaf&fr=SRP%20Job%20Listing
Pigcasso,Staff Finance Accounting,Jakarta Raya,"IDR 5,500,000 - IDR 6,000,000",Penuh Waktu,"Persyaratan:, Persyaratan:, Minimun D-3 AccountingPengalaman sebagai Staff Accounting di bidang restoran minimum 3 tahunMampu dalam mengoperasikan sistem keuangan terkait dengan manajemen operasional restoran, Minimun D-3 Accounting, Pengalaman sebagai Staff Accounting di bidang restoran minimum 3 tahun, Mampu dalam mengoperasikan sistem keuangan terkait dengan manajemen operasional restoran, Tanggung Jawab:, Tanggung Jawab:, Bertanggung jawab dalam membuat jurnal keuanganBertanggung jawab dalam melakukan verifikasi transaksi dan stockBertanggung jawab dalam melakukan evaluasi terkait dengan status atas pelaporan transaksi outlet, Bertanggung jawab dalam membuat jurnal keuangan, Bertanggung jawab dalam melakukan verifikasi transaksi dan stock, Bertanggung jawab dalam melakukan evaluasi terkait dengan status atas pelaporan transaksi outlet, Benefits:, Benefits:, Suasana bekerja yang bersahabat dan keakraban dalam teamMenjadi tempat belajar untuk mengembangkan diriTidak terdapat diskriminasi dalam bekerja, Suasana bekerja yang bersahabat dan keakraban dalam team, Menjadi tempat belajar untuk mengembangkan diri, Tidak terdapat diskriminasi dalam bekerja, ",https://www.jobstreet.co.id/id/job/staff-finance-accounting-4518585?jobId=jobstreet-id-job-4518585&sectionRank=22&token=0~2fad7e32-dd38-40e7-9c5c-60eeb871ebaf&fr=SRP%20Job%20Listing
PT Duta Agro Makmur Indah,Staff HRGA,Jakarta Utara,,Penuh Waktu,"Jobdesk :, Jobdesk :, Memastikan ketersediaan alat kerja dan fasilitas kantor dengan baikBertanggung jawab atas pemeliharaan dan perbaikan aset perusahaanMonitoring & memastikan pekerjaan OB, Driver, pekerjaan kontraktor berjalan dengan baikMelakukan pemesanan tiket, hotel untuk keperluan dinas karyawan dan pihak eksternalBertanggung jawab dalam pengurusan ijin-ijin dan sertifikat Perusahaan dan karyawanMembina hubungan baik dengan pihak eksternal PerusahaanMelakukan tugas lainnya yang berhubungan dengan General Affair, Memastikan ketersediaan alat kerja dan fasilitas kantor dengan baik, Bertanggung jawab atas pemeliharaan dan perbaikan aset perusahaan, Monitoring & memastikan pekerjaan OB, Driver, pekerjaan kontraktor berjalan dengan baik, Melakukan pemesanan tiket, hotel untuk keperluan dinas karyawan dan pihak eksternal, Bertanggung jawab dalam pengurusan ijin-ijin dan sertifikat Perusahaan dan karyawan, Membina hubungan baik dengan pihak eksternal Perusahaan, Melakukan tugas lainnya yang berhubungan dengan General Affair, Kualifikasi :, Kualifikasi :, S1 SDM, Manajemen, Psikologi, HukumPengalaman minimal 1 tahun di bidang HRGAMenguasai MS Office (Word, Excel, PPT, Outlook)Komunikatif, aktif dan energikBersedia penempatan Jakarta Utara, S1 SDM, Manajemen, Psikologi, Hukum, Pengalaman minimal 1 tahun di bidang HRGA, Menguasai MS Office (Word, Excel, PPT, Outlook), Komunikatif, aktif dan energik, Bersedia penempatan Jakarta Utara, ",https://www.jobstreet.co.id/id/job/staff-hrga-4518555?jobId=jobstreet-id-job-4518555&sectionRank=23&token=0~2fad7e32-dd38-40e7-9c5c-60eeb871ebaf&fr=SRP%20Job%20Listing
PT Vale Indonesia Tbk,Traffic Management Engineer,Sulawesi Tengah,,Penuh Waktu,"Job Purpose, Job Purpose, The purpose of a Traffic management engineer is to plan, design, and implement traffic systems and solutions to ensure the safe, efficient and sustainability of transportation system for movement of people, Heavy Equipment and goods. This includes the development of traffic management plans and the maintenance and construction of roads, Mine Haul Road, highways, bridges, tunnels, and other transportation infrastructure. Traffic management engineer must also analyze traffic patterns, evaluate the effectiveness of existing traffic systems, and create solutions to minimize congestion and maximize safety. They also may be involved in the installation and operation of traffic control systems, such as traffic signals and cameras., Accountabilities:, Accountabilities:, 1. Design, develop and implement traffic engineering solutions consist of traffic management plan, traffic capacity analisys, traffic calming measure, environmental consideration, 2. Analyse traffic data and develop traffic models consist of traffic signal timing, traffic flow analisys, traffic simulation modelling, 3. Prepare reports, plans and technical documents and ensuring that all traffic management plans and strategies comply with industrial and government regulations and safety standards, 4. Liaise with clients and relevant stakeholders regarding, engaging with the public and stakeholders to gather input, explain proposed changes, and address concerns related to traffic management projects, 5. Conduct site surveys and develop site designs, conduct collaborating with other depts and government agencies to ensure that traffic management efforts align with mining activities and urban planning goals, 6. Provide advice on traffic control measures, Monitor the effectiveness of traffic engineering solutions, Technical Specializations:, Technical Specializations:, 1. Technical skills and knowledge of traffic management operations including surveys, mapping, risk identification and operations support., 2. Extensive experience for cooperation with various relevant departments and government related to traffic management in the contract of work area., 3. Knowledge to identify and assess traffic management system within the contract of work area. And provide recommendations or mitigation plans., Requirements:, Requirements:, 1. Bachelor Degree (S1) in Civil Engineering, Mining Engineering., 2. Minimum 3 years related experience., 3. Good Communication, presentation and fluent in English both written and verbal., 3. Willing to be placed in all sites PT Vale Indonesia, Tbk.., ",https://www.jobstreet.co.id/id/job/traffic-management-engineer-4519128?jobId=jobstreet-id-job-4519128&sectionRank=24&token=0~2fad7e32-dd38-40e7-9c5c-60eeb871ebaf&fr=SRP%20Job%20Listing
,,,, ,,https://www.jobstreet.co.id/id/job/supervisor-sales-customer-service-4518495?jobId=jobstreet-id-job-4518495&sectionRank=25&token=0~2fad7e32-dd38-40e7-9c5c-60eeb871ebaf&fr=SRP%20Job%20Listing
,,,, ,,https://www.jobstreet.co.id/id/job/legal-staff-4518569?jobId=jobstreet-id-job-4518569&sectionRank=26&token=0~2fad7e32-dd38-40e7-9c5c-60eeb871ebaf&fr=SRP%20Job%20Listing
CV Buana Sinar Abadi,STAFF FINANCE OSRAM AUTOMOTIVE,Tangerang,,Penuh Waktu,"Jadilah Finance Staff di CV. Buana Sinar Abadi hanya jika Anda :, Jujur, bertanggung jawab, loyal dan disiplinBaik dalam pekerjaan administrasi dan detailAnalitis, independent dan memiliki inisiatif dan pengetahuan proses perpajakan dan administrasi keuanganMemiliki penampilan menarik dan percaya diri yang tinggi, Jujur, bertanggung jawab, loyal dan disiplin, Baik dalam pekerjaan administrasi dan detail, Analitis, independent dan memiliki inisiatif dan pengetahuan proses perpajakan dan administrasi keuangan, Memiliki penampilan menarik dan percaya diri yang tinggi, CV. Buana Sinar Abadi adalah Distributor Resmi bohlam Osram Automotive :, OSRAM adalah international brand for automotive lighting, dan sekarang merupakan Global No.1 in Automotive Lighting.Merupakan pioneer dan berpengalaman lebih dari 10 tahun dalam mendistribusikan lampu Osram Automotive di Indonesia.Di CV. Buana Sinar Abadi, kami percaya suasana “KEKELUARGAAN” akan membuat kami bekerja lebih optimal., OSRAM adalah international brand for automotive lighting, dan sekarang merupakan Global No.1 in Automotive Lighting., Merupakan pioneer dan berpengalaman lebih dari 10 tahun dalam mendistribusikan lampu Osram Automotive di Indonesia., Di CV. Buana Sinar Abadi, kami percaya suasana “KEKELUARGAAN” akan membuat kami bekerja lebih optimal., Deskripsi pekerjaan:, Deskripsi pekerjaan:, Melakukan penghitungan pembayaran dari toko melalui kurirMelakukan filling dokumen ke dalam sistem perusahaanMembuat list tagihan yang akan dibawa oleh kurirMelakukan filling pelunasan pembayaran dari customer, Melakukan penghitungan pembayaran dari toko melalui kurir, Melakukan filling dokumen ke dalam sistem perusahaan, Membuat list tagihan yang akan dibawa oleh kurir, Melakukan filling pelunasan pembayaran dari customer, Persyaratan:, Persyaratan:, Minimal pendidikan SMA sederajatMemiliki pengalaman 1 tahun dalam bidang yang samaPandai berpikir kritis, percaya diri, dewasa dan memiliki kepribadian menyenangkan dan service mindsetMahir dalam menggunakan komputer, lancar ketik dan menguasai MS Office (Excel dan Word) dengan baikMahir software Akuntansi (khususnya Accurate)Diutamakan berdomisili di Tangerang dan sekitarnya, Minimal pendidikan SMA sederajat, Memiliki pengalaman 1 tahun dalam bidang yang sama, Pandai berpikir kritis, percaya diri, dewasa dan memiliki kepribadian menyenangkan dan service mindset, Mahir dalam menggunakan komputer, lancar ketik dan menguasai MS Office (Excel dan Word) dengan baik, Mahir software Akuntansi (khususnya Accurate), Diutamakan berdomisili di Tangerang dan sekitarnya, Benefits :, Benefits :, Allowances : Termasuk tunjangan kesehatan dan tunjangan ketenagakerjaan, tunjangan tepat waktuAnnual bonus : berdasarkan kinerja perusahaanFull Employment : status kepegawaian tetap dan full time setelah lewat masa percobaan, Allowances : Termasuk tunjangan kesehatan dan tunjangan ketenagakerjaan, tunjangan tepat waktu, Annual bonus : berdasarkan kinerja perusahaan, Full Employment : status kepegawaian tetap dan full time setelah lewat masa percobaan, ",https://www.jobstreet.co.id/id/job/staff-finance-osram-automotive-4518386?jobId=jobstreet-id-job-4518386&sectionRank=27&token=0~2fad7e32-dd38-40e7-9c5c-60eeb871ebaf&fr=SRP%20Job%20Listing
PT Pelayaran Nasional Tanjungriau Servis,Receptionist Administrative Staff,Jakarta Raya,,Penuh Waktu,"We are looking for an aReceptionist & Administrative Staffwith following requirements:, We are looking for an aReceptionist & Administrative Staffwith following requirements:, Age maximum 30 years oldFluent in English (written and spoken)Ability to work as a teamHaving at least 2 years experienceMinimum education D3, Age maximum 30 years old, Fluent in English (written and spoken), Ability to work as a team, Having at least 2 years experience, Minimum education D3, Job Summary:, Job Summary:, The Receptionist answers and accurately direct phone calls professionally, greets clients and visitors positively, maintains the programming and maintenance of telephone system and obtains professional assistance as needed. This person also responsible for all the office administrative (General Affairs) processes within the office, as well as providing general support to enable the smooth and effective running of the office., Reception Duties :, Reception Duties :, Answer the phone in a clear and helpful manner.Takes and delivers accurate phone messages, with call back numbers and names legibly written and promptly relays messages to the proper person.Meet and greet visitors in a friendly and positive way.Answer visitors inquiries, as needed, or directs the inquiry to the person best able to answer.Maintains a neat and tidy reception area, clearing up any clutter on an ongoing basis and maintains a professional, comfortable general office atmosphere.Offers coffee or other refreshments to visitors who are waiting to visit the company.Booking, preparing and maintaining the meeting rooms ensuring catering, equipment etc. are organized effectively.Responsible for any courier arrangement.To ensure that incoming and outgoing mails or packages are well organized/ delivered.Following standardized company procedures relating to all aspects of office performance.Maintains all office area to be neat and tidyMaintains all office properties and assets in good conditionLiaise with vendors related to services provided to general overhead of the companyArrange transportation requirement and the usage of internal driver and company vehicle including arrange vehicle services to third partyDocument Control Administration, Answer the phone in a clear and helpful manner., Takes and delivers accurate phone messages, with call back numbers and names legibly written and promptly relays messages to the proper person., Meet and greet visitors in a friendly and positive way., Answer visitors inquiries, as needed, or directs the inquiry to the person best able to answer., Maintains a neat and tidy reception area, clearing up any clutter on an ongoing basis and maintains a professional, comfortable general office atmosphere., Offers coffee or other refreshments to visitors who are waiting to visit the company., Booking, preparing and maintaining the meeting rooms ensuring catering, equipment etc. are organized effectively., Responsible for any courier arrangement., To ensure that incoming and outgoing mails or packages are well organized/ delivered., Following standardized company procedures relating to all aspects of office performance., Maintains all office area to be neat and tidy, Maintains all office properties and assets in good condition, Liaise with vendors related to services provided to general overhead of the company, Arrange transportation requirement and the usage of internal driver and company vehicle including arrange vehicle services to third party, Document Control Administration, ",https://www.jobstreet.co.id/id/job/receptionist-administrative-staff-4515169?jobId=jobstreet-id-job-4515169&sectionRank=28&token=0~2fad7e32-dd38-40e7-9c5c-60eeb871ebaf&fr=SRP%20Job%20Listing
Oelek,Chef Research and Development (Savoury/Pastry),Banten,"IDR 6,000,000 - IDR 12,000,000",Penuh Waktu,"Job Description :, Job Description :, Develop new products and make samples for Ecommerce & Offline Retail product (We are Selling Nationaly)Testing about food expiringDoing competitor research for taseImplementing food creation in cooking demonstration using our-productCreate Culinary application and food testing to support RnDKnowledgeable in creating formulation and conduct trial, analyze, and evaluate product, conduct sensory test, check alternative raw material.Development of existing products and new products, control raw materials, quality, food safety, and 5S appropriatelyConducting cooking demonstration and giving culinary idea with our existing product.Have knowledge about customer segment, customer behavior dan customer reason of buy some food product.Provide training for each new squad (how to cook, choice of ingredients, packaging, etc.)Calculate COGS for productOther responsibilities as needed, Develop new products and make samples for Ecommerce & Offline Retail product (We are Selling Nationaly), Testing about food expiring, Doing competitor research for tase, Implementing food creation in cooking demonstration using our-product, Create Culinary application and food testing to support RnD, Knowledgeable in creating formulation and conduct trial, analyze, and evaluate product, conduct sensory test, check alternative raw material., Development of existing products and new products, control raw materials, quality, food safety, and 5S appropriately, Conducting cooking demonstration and giving culinary idea with our existing product., Have knowledge about customer segment, customer behavior dan customer reason of buy some food product., Provide training for each new squad (how to cook, choice of ingredients, packaging, etc.), Calculate COGS for product, Other responsibilities as needed, Job Requirement:, Job Requirement:, Have a knowledge and experience on food preservative (Natural/Food Grade Material)Candidate will have plus if at least Diploma or bachelor’s degree Majoring in Culinary, Food and Beverages Service Management is aplus.A Creative chef with a passion for amazing Food Specializing in Indonesian FoodHave an experience on develop Savoury/PastryHands On Leadership and committed to training and operation thingsHighly Motivate to Training Team make a better skillFamiliar with COGS CalculationProven Experience to implement culinary technique or recipes to new product developmentComputer literally: word, excel, power point, Have a knowledge and experience on food preservative (Natural/Food Grade Material), Candidate will have plus if at least Diploma or bachelor’s degree Majoring in Culinary, Food and Beverages Service Management is aplus., A Creative chef with a passion for amazing Food Specializing in Indonesian Food, Have an experience on develop Savoury/Pastry, Hands On Leadership and committed to training and operation things, Highly Motivate to Training Team make a better skill, Familiar with COGS Calculation, Proven Experience to implement culinary technique or recipes to new product development, Computer literally: word, excel, power point, ",https://www.jobstreet.co.id/id/job/chef-research-and-development-savoury-pastry-4519100?jobId=jobstreet-id-job-4519100&sectionRank=29&token=0~2fad7e32-dd38-40e7-9c5c-60eeb871ebaf&fr=SRP%20Job%20Listing
PT GMP Sukses Makmur Indonesia,STAFF ADMIN MARKETING,Surabaya,,Penuh Waktu,"KUALIFIKASI, KUALIFIKASI, Domisili Sidoarjo dan sekitarnya (Kecamatan Waru)Umur 19 — 25 tahun,Lulusan SMU/ SederaiatBisa mengoperasikan computer, terutama Microsoft OfficeMemiliki semangat kerjaMempunyai kemampuan komunikasi yang baikSanggup menghadapi tekananTeliti dalam bekeria, Domisili Sidoarjo dan sekitarnya (Kecamatan Waru), Umur 19 — 25 tahun,, Lulusan SMU/ Sederaiat, Bisa mengoperasikan computer, terutama Microsoft Office, Memiliki semangat kerja, Mempunyai kemampuan komunikasi yang baik, Sanggup menghadapi tekanan, Teliti dalam bekeria, TUGAS, TUGAS, Menyiapkan tanda terima untuk kepAgg,Membantu penagihan, CustomerMerekap program Cash back, dan lain-lainMembuat memo dan surat pengajuanMengarsip invoice sdan Surat jalan, Menyiapkan tanda terima untuk kepAgg,, Membantu penagihan, Customer, Merekap program Cash back, dan lain-lain, Membuat memo dan surat pengajuan, Mengarsip invoice sdan Surat jalan, ",https://www.jobstreet.co.id/id/job/staff-admin-marketing-4517859?jobId=jobstreet-id-job-4517859&sectionRank=30&token=0~2fad7e32-dd38-40e7-9c5c-60eeb871ebaf&fr=SRP%20Job%20Listing
